"affect","social","cogproc","percept","bio","drives","relativ"
59.5076979721919,0,0,0,7.45546723983556,0,0
0,0,0,0,10.9409758267833,0,0
0,0,11.2161044005244,2.47097361650036,0,0,0
0,0,8.98870932393932,0,0,0,0
0,11.2405592929186,5.81797069182269,0,0,12.5898486607871,0
0,23.5313779453442,20.8321433922733,22.4987865802822,0,0,0
7.85746626103119,0,0,0,0,0,0
27.4979854955681,27.4979854955681,11.1804995970991,12.0568090249799,12.0568090249799,0,0
0,17.9102988094909,9.48768497108939,0,0,14.1509984370154,0
0,28.0854540734244,20.3709688067912,0,0,12.1252374648115,0
0,0,10.1919699916207,10.2328447748664,4.98892450584744,0,0
20,0,10,0,10,0,10
17.5640709709216,20.724494825037,13.424100542139,0,0,0,0
0,20.5979886940019,10.6145694738051,0,0,9.18055152198725,0
0,0,10.6607979280898,0,13.3276710047635,18.3352754004598,0
0,0,4.82082232141238,7.6893250719071,23.2811677347906,16.7188841368686,0
2.3358237871999,3.99382207353479,0,0,0,9.23305299809534,0
0,3.71215091272783,0,6.16402487358598,9.72393524626052,6.33915872793299,0
0,27.2005831453477,10.3621127735999,56.969574153953,0,0,0
0,24.5838827682193,0,59.367045859384,0,0,0
0,22.4076695406875,0,57.0536629891732,0,0,0
0,26.0570394451163,0,55.8987834095977,0,0,0
0,18.7749843663597,0,54.9428369361921,0,0,0
0,13.3306484800096,0,43.9546834276549,0,0,12.7536395004063
0,10.9413767398391,20.8366158229218,0,0,12.5657828858799,16.2987945442062
0,6.08289922403231,15.7442347900503,0,0,6.08289922403231,0
0,23.7624411677168,9.56147563725515,31.3580483572362,0,0,0
0,34.8437101114473,0,62.1489284234579,0,0,0
0,24.3094825214743,12.9879908779118,57.1960375812008,0,0,0
0,16.4689569023096,0,26.5425171872268,12.3996073198685,7.70238790760363,11.595121083845
3.69221135775523,14.4462915590515,4.50426612255763,16.3467725301644,10.220056815894,10.2277484092947,28.4786176168715
0,13.1139440259251,0,26.7239523854262,0,7.1271971610809,47.1314508764936
0,6.30986331265187,6.30880903306748,6.18967544002993,0,0,0
4.84828459716944,4.84828459716944,16.2586045487086,3.2644969436643,0,0,0
0,0,25.1664374427484,0,0,4.98725132249588,0
0,0,4.07400957248122,0,0,9.08364811222743,0
0,0,7.31022175220595,4.76882910869493,0,2.90161604811793,44.7767606332
0,0,0,25.3623843740028,0,0,39.3624935798884
0,0,0,28.4713350904694,0,0,50.3584036404847
0,0,32.4586027075363,18.5904373846056,0,3.18792431863037,0
18.5581864463763,10.5182267902598,9.14941645454106,0,0,20.4120839537006,0
0,0,25.5162431374564,0,0,5.34785922899699,0
8.02455755970966,0,5.58520453893064,0,0,19.8434689896368,0
0,10.1286633309507,0,8.73838456040027,7.93423874195854,10.1286633309507,18.1057898498928
0,7.3577502941183,0,16.1071579136144,11.2516648063972,0,11.2814411007523
4.37240505735264,4.37240505735264,12.4095923936416,0,17.5318430250287,0,0
0,0,0,0,0,0,7.46252880366996
0,0,7.43224154587463,20.0227985293565,19.6154279268155,7.18627820922888,0
0,3.80471228298616,4.19339195694475,24.671753785718,44.1028058959115,3.80471228298616,9.58140591618835
0,0,8.28411050951342,37.8994702398518,35.2917783813042,0,3.46545512503885
0,0,13.3819082117577,0,0,0,0
8.37571043972479,0,3.72402431904452,17.621752198936,0,8.37571043972479,15.7609685497455
0,0,15.9238776837996,8.20451843043996,0,0,5.3137549637673
0,0,0,49.1765284984721,9.41608384437108,0,20.166335090346
0,0,11.9075373625217,34.1485105716141,4.15124224361424,0,26.4967833057495
9.63772627424263,0,9.59837423204783,54.3739501227549,0,14.8110514630737,0
0,0,5.4803428140403,42.2736198944696,0,0,5.08971735221198
0,0,0,35.0531691198557,0,0,18.0865124662061
0,0,3.79295175591619,27.1040822985044,4.67221466474317,3.79295175591619,29.5715256471928
0,0,0,16.5086728731763,0,0,33.4779657048547
0,3.58664740043993,0,65.9392745713418,8.23263048420199,0,0
0,0,7.13647523506299,60.608162099275,0,0,0
0,0,0,52.9822239251338,0,0,7.43785340253345
4.89473385003127,0,5.26614996873282,51.6135756381346,0,5.26614996873282,3.41238559057058
0,0,11.8418578833809,25.2786556487641,0,0,5.21321073976919
0,0,7.62227046311142,14.1806167237357,0,0,3.15917457461423
0,0,0,7.34147286915027,0,0,0
0,8.31157101789222,0,16.3992540632787,6.28729259381261,0,0
0,4.6138490641239,0,19.8651834705334,12.0556475298723,0,12.3556238551635
0,0,0,27.058671811092,4.3095258915488,0,31.569118512141
0,0,0,24.0189845674963,13.9043384836012,0,44.4872530900186
5.34184209502315,0,17.9322152612942,5.32316432546013,0,4.22117592124206,0
0,8.87450514508931,7.23174454097206,32.999127396593,8.78210497173676,0,0
0,0,0,51.0884870488704,5.02648956798828,0,7.14730529621478
0,0,0,25.4274720212449,8.04902943753444,0,17.5902591478561
5.69478704888775,0,2.83964340597778,32.503996846809,3.88125932782117,0,5.95829107673503
5.39782769611914,0,0,15.2544677251235,0,0,0
0,0,4.74512804896763,10.3468931903904,3.88921516661487,0,0
0,4.29066431380339,0,0,0,0,0
0,8.27876061876872,0,13.1624528056894,20.7267615237869,3.67507407571183,7.99000479853422
0,0,0,25.3128693354498,25.0864428634266,0,12.3065479985919
0,0,3.89689586913142,26.9444539745748,15.0307183549022,0,27.5225117874755
5.83735864829885,5.83735864829885,0,20.9811858902,11.4996971234552,0,0
0,2.40191651943025,4.34044960075124,19.2372674661217,34.8124348142628,2.40191651943025,0
0,0,0,0,0,0,30.4412567612279
0,0,4.39660853138866,0,0,0,0
0,3.41227362164455,3.65850483349637,0,0,0,0
0,0,0,12.5260426238325,0,0,21.5037570922272
0,0,0,8.09866077927847,0,0,6.40268474507079
0,6.18965491271144,4.95262769434695,2.62091611562156,0,0,0
0,12.9010670141891,0,22.3441221848658,0,5.86863368541871,23.6588314593903
7.90381670924514,0,0,15.564957414413,15.564957414413,9.73433588235545,0
9.30167311048004,0,8.85072022445,36.1018920860848,29.6804324768194,18.4254285421015,11.929038218086
16.1407043089382,0,0,42.0419914057454,33.9928697140741,10.1835181034898,17.2554669170772
11.6326938651782,0,8.68658259384942,25.4854518768042,24.802986007008,8.68658259384942,16.3110448536803
13.3926902889794,0,6.42532301318729,25.1879135924937,20.0683933126386,6.42532301318729,9.18824688387985
7.93222205202497,0,30.64437999558,19.6774341237708,20.9795561695217,15.9245846543247,9.62881862819629
0,0,7.5296812327913,14.8189303104334,15.1254302249296,0,29.1721510285626
0,0,9.15160616814482,3.65852067831157,0,33.9994069425977,0
0,0,23.2206143643049,4.06187349758187,0,5.68662289661463,0
0,0,20.0834384749703,0,7.31858096749587,0,8.87220681751629
0,0,5.40297826980232,0,0,26.2250216415135,0
7.96992367451606,8.49641065984857,29.1330363018828,0,0,31.1171963055138,0
0,0,26.1174261006069,0,0,17.0014156166342,0
0,0,5.46827765856957,0,0,18.42018146285,4.48160837089094
0,0,25.7208609719778,0,0,0,0
2.43182301637949,0,4.75615117350918,0,0,0,0
0,3.07638030302205,17.6831253686364,0,0,0,0
0,9.24744177837109,29.633865909994,0,0,4.06124548098574,0
1.61993004847518,0,2.83119592563048,0,0,0,1.77824139412162
0,0,0,6.4567949618374,6.4567949618374,0,14.0970769809827
0,0,0,0,5.98580446003286,0,13.1568756534872
0,0,0,5.99870497641499,5.99870497641499,7.43204199810664,26.1473867981362
7.39318616226837,0,0,20.5132259148313,28.0515315183051,4.8812646284067,24.9500975462391
0,0,10.4791676423604,40.3853003254324,18.846546949204,0,21.034370526977
0,0,0,20.4859100277727,20.4859100277727,11.7712597454354,17.1657461108365
0,0,2.72823465721738,0,0,4.543038535361,17.9255868891186
0,0,0,0,0,19.8951030222664,29.645773647783
0,0,0,17.6742222026645,17.6742222026645,0,40.179973045312
0,0,12.4531915789705,20.5607305501283,8.10753897115776,10.0214426057802,16.3055360743002
0,6.72420251967125,8.95128932695135,0,0,3.71554544093043,0
0,0,4.92281496876291,0,0,13.666695879709,5.30341917794499
0,3.87265139165109,5.81926962804087,0,0,37.6846431974608,3.20330423753856
0,0,0,0,0,21.4790875502559,15.3540843355936
0,0,0,14.7337189568696,7.86149703439963,0,18.6717681408359
0,0,0,0,0,17.1110680410242,0
0,0,8.78543270133284,0,0,0,4.35926753929382
0,0,3.55211247799248,0,0,0,0
0,0,11.7111221858681,0,0,0,0
0,3.72232328177189,11.7871162020236,0,0,0,0
0,0,24.701758734401,0,0,0,0
0,0,15.4934301384998,0,0,4.97967880677111,0
0,0,0,0,0,6.77289491104116,24.8922632154871
5.5946583463812,9.87814127377967,5.53422939569626,5.5946583463812,53.4205205143007,12.9112097600819,3.7213608751478
6.95522589389234,3.34143748614961,0,6.95522589389234,52.4423261594987,3.34143748614961,3.39250328394832
6.32389027024822,0,0,11.7733664859577,47.0567806627807,0,7.92010761015775
12.8912291259215,0,0,21.0350534075523,53.7276967052805,0,4.13961185497216
16.1644842435226,0,0,23.2975371964683,48.183128806415,0,6.95967359451215
12.7315498579412,0,6.39984770602194,20.1738845166233,20.1738845166233,6.39984770602194,14.4785964949714
0,0,0,28.1116361164251,24.163989106597,0,20.787864971142
0,0,0,32.7038627915376,28.2652248855496,0,18.3269240993256
0,0,0,35.3946704562435,28.1160629272869,0,11.1970864681357
0,7.0558375423563,16.0293300134912,31.9722608288865,6.53307875791836,0,12.3150372145464
3.77731385377157,9.68712259505392,20.2092669815464,19.2597921164374,3.77731385377157,0,11.4650231593253
13.4057134478416,0,10.4728306482587,29.9656737927012,13.4057134478416,4.43691123223097,4.2973960447718
13.7589348690223,4.14093054468347,5.03123340480979,37.4159208063559,13.7589348690223,0,0
0,0,18.1493850779767,7.74435601599636,7.74435601599636,10.2956285772706,20.3489339713707
0,0,0,16.7477984137528,16.7477984137528,0,15.5894296794914
0,0,12.2383037017183,17.6270883587957,17.6270883587957,12.2383037017183,15.6723696357842
23.2576968554739,0,10.029175435509,18.2834228537725,36.4647401170953,10.029175435509,8.90140344583876
3.02646371029785,0,0,3.02646371029785,49.4742882965555,0,8.00135291924208
0,0,0,3.04813245470602,42.7747107627643,2.60058219355099,12.1095754323903
5.18663459978251,6.87826928405516,0,5.18663459978251,49.7312094485605,0,13.0173212886392
0,0,0,18.5506170196109,25.2417638752774,0,26.2711202940641
0,0,4.04329330498869,24.8524879925854,24.8524879925854,4.04329330498869,20.5733150659935
0,0,0,32.0222324439513,27.0769912742848,0,21.2128088625463
0,0,13.6449419672159,21.0484841913975,6.29133281200692,0,23.0421818328828
0,13.4202772815401,28.2454020924386,25.827296854812,0,5.87406498718077,16.6095902657605
0,7.30538652214542,26.2489016877975,9.56222811021648,0,0,11.6971878037871
0,6.16364202627013,27.1807319448495,21.145622716689,0,0,0
20.9542325512592,0,9.41510859401003,25.6554471347136,41.0783852749587,4.7344980795951,0
8.74108605048133,0,7.46388929806167,4.40693533433268,4.40693533433268,4.223240821773,0
0,10.0526952955419,10.5218528414164,0,0,9.08208536426109,0
5.06078812703034,5.34978976760356,16.5882595799698,4.2285503199661,0,10.4105778946339,0
0,4.39366240514585,16.1157078530025,0,0,4.39366240514585,0
21.1602241389123,6.1653722972169,0,13.7142798011104,7.54890750389345,28.6444562872206,0
19.3765489492788,11.2553396355647,12.0805635611027,0,0,26.4859159356894,0
9.08177446351563,10.7452178656901,0,17.3830631941246,0,15.9351825181815,0
0,0,28.1727789256198,3.19408574380164,3.19408574380164,0,0
26.0097305574078,0,0,10.556419945173,10.556419945173,18.216393766516,0
0,7.00926680379788,34.1143355308517,0,0,30.8343922066921,0
0,0,0,0,9.17562278685469,0,0
0,0,6.91630263659858,0,0,0,0
24.0043498290799,0,0,5.59363477832215,5.59363477832215,28.3843272865561,0
4.24324165835924,0,12.2430070955257,4.24324165835924,4.24324165835924,37.0621005101742,0
0,0,5.27759206450996,0,0,0,0
0,0,8.54986729069926,0,0,0,0
0,0,0,0,6.79855883995511,21.9149241117541,12.6294251669245
5.82040886728656,0,0,5.82040886728656,5.82040886728656,16.1893995851847,10.1656824825804
14.9356542181274,0,24.8882915741165,5.50806807083653,5.50806807083653,9.4275861472909,0
0,0,6.76740669750762,0,0,30.095014937356,10.8083097474319
0,0,0,18.8351712254548,23.9386029348577,0,21.855100314627
0,0,7.93555015199896,20.1543521056971,13.3586505478275,0,21.9025408407484
0,0,9.70512840674981,0,11.4224605658389,8.25053338994871,21.4439010070192
10.5664973736012,10.5664973736012,5.4730599268451,5.61262701511313,5.61262701511313,25.667148807517,7.58686691824994
0,0,5.64025678498314,16.1276141709971,21.8960371130094,5.64025678498314,22.8398240018098
0,0,0,23.1216645792689,22.6676320065853,0,22.472684180898
0,0,12.2380707240759,14.2155891858801,25.9384767487255,0,21.2612953995058
0,0,0,9.74956844204135,5.14649350547101,6.61361341461255,28.252529805548
0,0,0,33.1865071098806,16.2011922927981,16.1164222901728,21.8206843325063
0,0,6.82774662848076,4.69659688327754,24.3381334624125,6.82774662848076,16.8871767980316
0,0,0,4.73952749589878,23.8913300565723,0,22.1497547165939
0,0,0,0,32.0609000907191,0,18.9139095107517
0,0,0,11.0858238582792,18.0787086302193,0,23.2001508593926
5.48300158656478,3.674733436333,16.2854985208228,3.674733436333,0,5.48300158656478,0
18.9125467670432,0,4.74452222515545,16.1291301405818,16.1291301405818,22.8547847274692,0
21.0806788449075,0,0,23.9727309825008,23.9727309825008,9.67426006385174,0
5.67933227289167,0,6.39530596551107,0,0,5.67933227289167,0
24.4015283528641,0,10.6249300570734,11.5576089910633,11.5576089910633,30.6834423110742,0
9.94620425626983,0,11.528130849663,6.51637651773898,6.51637651773898,41.9638535252841,0
10.9411566882092,0,5.43432047791726,0,0,32.1306364690944,0
0,0,17.2184405940594,0,0,0,0
0,0,11.5584991954335,0,0,38.2427264561836,0
6.75734153472422,0,9.11466371779184,0,0,46.1232683127931,0
0,0,6.77544013590663,0,0,45.8350066479616,0
0,0,10.1405291284555,0,0,0,0
0,0,13.3432922316228,0,0,53.5655452450856,0
0,0,9.92187319714776,0,0,43.3961441717713,0
0,0,15.1793616607912,0,0,10.7937477894254,0
3.72111444019699,0,0,0,0,0,0
14.8676567178574,0,0,0,0,13.648962237977,0
18.0325962154989,0,5.1855717757929,0,9.70937774928055,6.69281123719487,0
0,0,13.3549422427503,0,0,31.2219864284418,15.6076320357917
5.12176543940246,0,8.98847946728638,0,0,34.2422851453793,5.4553368295584
16.6573281427381,8.97121948129776,0,15.128018982377,6.15679950107921,7.84572433651817,0
0,0,8.12082261781995,5.14023865971173,5.14023865971173,40.9857463944487,0
0,0,0,19.5821187013311,19.5821187013311,10.9357739874759,35.5567128313987
0,9.88008204912428,7.50463968262317,26.8485472345989,8.73462518126696,0,22.7306880254863
0,0,0,27.2325091996014,18.1065097475195,21.8702399294641,18.1171150243242
10.6515543501608,0,0,0,0,9.74606563631059,0
0,0,12.0918270072841,13.8080592679679,7.30774015498566,12.0918270072841,22.5135530508152
27.6024686820146,0,3.63575623530519,33.8416215731737,29.9713821921368,3.63575623530519,8.75572740926909
15.7798729821224,0,14.9550961027334,38.8627143776404,25.4849900679854,7.9333016254931,0
18.5830362683832,0,23.9897386309515,10.0365858938648,0,22.0657319343619,0
17.0726141617142,8.42413956672469,0,0,0,34.5220473032893,0
22.9409801234871,0,16.8592945293484,0,0,21.4357240729705,0
8.01351280652322,0,0,0,0,31.8552455548996,0
14.8114436058255,0,20.0070426278304,5.41352184543426,5.41352184543426,14.3211172531094,0
21.5673379619647,0,9.5929104316702,22.3317089999569,14.6233127776101,15.9191858208633,0
8.82632826021701,0,8.04715890584186,0,0,0,0
38.4837339953746,8.00626275305626,12.1981602565914,0,0,20.7434989511003,0
31.3397791088079,0,6.61327590461448,0,0,17.6810163686804,0
29.9710764893178,0,0,18.5143888389276,44.1791434751963,6.94073110857254,0
46.8021655669284,0,0,0,0,28.722329447669,0
24.8679427079774,6.69887520671323,7.47199975399414,0,0,22.7148792521423,0
15.8176700195725,7.22506408142268,4.30261867130033,0,13.7148761961059,13.4522968434641,0
3.80699009080874,3.19003735583524,14.5557185438773,5.87574033308103,5.87574033308103,6.99702744664398,0
5.02189802271861,11.7992769194659,4.94820712782004,0,0,16.8211749421845,0
16.7806590060996,0,8.24233326638266,6.25178388320984,13.6283391650898,5.04878590230136,0
19.599717902755,0,9.85875505713674,0,0,7.0394437791366,0
10.6002381315141,3.25371163515092,4.14924412994532,8.4011895289849,27.2711369933357,7.52484298555976,0
0,0,0,17.1763242458795,20.5832555889568,0,0
0,0,7.38998194088016,3.84706776922347,30.175363558597,0,0
2.97760995010261,5.79752716141474,11.5991125918425,0,0,5.79752716141474,0
0,3.7145500471999,10.7706414243307,0,0,3.7145500471999,0
17.5521547679203,0,13.3130007940518,17.7578863784018,11.8024976539378,0,0
0,0,28.1834690732996,7.85824345146379,16.1457186880916,0,0
0,0,0,0,0,15.3021893308665,0
6.48914229740804,0,9.28832186530816,0,0,6.48914229740804,0
10.423871511802,0,13.3204596084593,7.99123194954525,7.99123194954525,6.46726127526789,0
0,7.34534502155552,23.7156591331466,0,0,7.34534502155552,0
0,7.87262273330385,15.8227305610127,0,0,7.87262273330385,0
14.7665794666369,5.3107568740599,34.6696122614726,0,0,9.94485695961919,0
0,5.70752179059508,42.553534918756,0,0,0,0
0,0,4.68669527896996,0,0,16.3330472103004,0
18.4695083702095,0,10.9250116282543,14.023034611659,14.023034611659,9.5210866123588,0
0,9.85528280558774,14.7382670220634,0,0,26.0574682166432,0
11.5115888173137,18.5784505237909,8.27707767369597,0,11.5025031118541,18.5784505237909,0
0,0,0,0,0,0,0
14.5016648168701,8.1953385127636,4.98113207547169,0,0,15.1453940066592,0
3.58465573625634,6.24285766478244,4.37780011402247,4.12418083521884,0,9.82751340103878,0
53.9262580255198,8.90767261114363,1.94183074660536,0,0,18.8000628239359,0
14.4824462569858,11.3029709789595,0,0,20.4940277221496,25.7854172359452,0
36.1665278060237,0,11.1748922463278,12.7165734004238,12.7165734004238,15.6916900105622,0
30.3825471926623,0,0,11.8849613254315,5.03173090897347,8.45834611720251,0
0,9.24219044961342,6.70562550271672,0,7.67412465733187,9.24219044961342,0
13.3465306090385,4.34803101359791,0,0,24.0536060770313,1.602526335635,0
26.453131583286,0,8.87724633167855,0,36.3791239993405,19.9316712158127,0
19.3327765404603,0,17.62713437268,0,11.8448403860431,23.7963994060876,0
4.44564477114206,0,0,11.7845987647073,24.46396280031,0,0
27.2001807792879,0,0,0,16.423798301966,12.3478710010653,0
27.9604260691637,0,0,0,21.9564933462973,14.2524924175362,0
50.2951880307319,0,0,0,0,20.0464503820751,0
16.6747927840078,0,6.15907267894497,20.5863386860855,20.5863386860855,6.21254777370598,0
19.9729589781946,22.3462401472873,8.52367527760198,10.5402450952189,10.5402450952189,17.0962545308095,0
47.1134246775683,0,3.84998583219839,0,8.58111751962926,14.7468533769641,0
29.1999242083324,0,21.034082565548,6.80988133867033,6.80988133867033,17.7260131214325,0
40.5696288476449,11.5353784019379,6.22018581710027,8.23035713503498,8.23035713503498,27.5414058496029,0
45.0628282143732,0,13.8626508244105,0,9.31859455931246,58.9254790387837,0
20.4212787649287,0,8.0468977570638,11.4914069327119,17.6085056801631,28.4681765219925,0
47.6628705499191,0,0,4.37749756270021,4.37749756270021,12.4671901950911,0
0,0,11.1716766098499,23.6719428557177,26.5391696369389,12.9441914072036,0
0,0,11.9918120383497,32.9450957430442,30.0828647956222,0,0
0,7.134239408274,11.2114690636391,24.7213336610865,26.2439870842327,0,0
0,0,8.70320541208456,19.7248831361132,20.8784585095287,0,10.4307643152463
0,0,9.22453671383209,17.248250462967,33.3884011142142,0,8.01045201291355
0,0,11.1804289589723,0,23.1916666509567,4.67153174586717,0
0,0,5.82059108624172,0,5.91263244336732,0,0
0,0,0,0,0,13.0747477467387,0
0,0,4.1110703484929,0,8.67482167663127,6.32618822868495,5.92340383434253
0,0,0,5.19208652301711,9.96987653209733,0,16.0828787647493
0,0,0,11.5638237538772,24.7434003393478,0,8.85739691786338
0,0,5.2276553691698,36.665505044201,18.3305206009276,0,0
0,0,7.06143371264286,24.7249065369715,19.4845874202958,0,0
39.4817590052081,0,0,0,8.03014255928356,8.22972535196952,0
20.1418782779943,0,0,0,18.6298182797195,0,0
14.7777757645805,0,0,0,9.7691336188274,6.10015804166145,0
0,0,18.2018680266007,0,0,0,0
0,0,17.1240960195879,0,0,0,0
0,0,16.7257613285063,0,0,0,6.1821089687035
0,0,11.0918972407745,2.98334422096612,5.86938948429406,0,4.78217939242411
0,0,7.57094834028729,0,0,0,15.9082573361315
0,0,12.1844815374297,15.4313365384013,0,5.62056926519537,0
20.8182178562162,8.22473845220557,0,9.64485717127199,3.74010914309114,0,0
49.0765214132001,0,12.8492125551729,0,0,57.5377566385121,0
50.2109555043432,0,8.07658216628257,0,0,36.5857117532352,0
33.3849793447522,0,0,13.8785081247763,36.050936352289,7.27167001608098,0
27.4438344276137,0,14.0810455641776,10.5772880061021,23.7981562684278,0,0
27.3608875227506,0,22.7013716319192,7.29220403842585,15.6346090114361,4.10974771367867,0
24.9105654207877,0,8.50370418332604,0,4.52811456259341,22.5677301692647,0
25.5709385333293,0,0,0,0,33.7749930467567,0
35.0879356174226,0,0,20.892089469778,20.892089469778,9.09114621000691,0
50.6557118028124,0,0,29.13572444304,29.13572444304,21.0883010179898,0
48.4694335964534,0,0,30.7368010533223,30.7368010533223,16.8774395837998,0
20.082616550021,0,0,25.3957089067014,41.0840434779552,0,10.3604808911153
11.7080129756868,5.41932207916532,0,11.7080129756868,17.1619559369592,5.41932207916532,7.61890212236998
3.95830935028824,3.95830935028824,11.490608977481,0,0,0,4.42232592736901
7.31423144732621,0,21.8178300878886,0,0,7.31423144732621,0
4.08324070295902,0,18.8403146149625,0,0,11.2014745817563,0
0,0,5.21482533780245,0,0,0,0
0,0,6.9462774629299,0,0,0,0
0,0,11.370019013791,0,0,0,0
0,0,19.9278869216411,0,0,0,0
16.783444569601,0,8.28756298762951,0,7.62835638117055,0,0
0,0,15.1244434278067,0,0,0,0
0,0,5.8804271957404,0,0,0,4.16571439160432
61.357404451338,0,0,0,10.065575774758,11.5078464604971,0
40.9220459886524,0,0,0,17.7659684270027,10.0888719474138,0
28.8888036384871,0,0,10.8370310695089,10.8370310695089,28.006604064455,0
29.7139047358629,0,0,9.80257637436548,9.80257637436548,26.8946488444608,0
43.1200214803544,0,9.39918937233893,19.2576491797829,27.4201838616051,20.5298487425042,0
31.8336461755045,0,3.0780736743313,42.6565799507273,50.3466315696856,3.79553320037541,0
32.8742585252666,0,0,38.9376935508627,43.8911510577018,0,0
50.0282043418256,0,0,16.3886394006441,16.3886394006441,0,0
16.778061402481,0,0,41.1256551050472,44.8191245255795,0,0
27.9775230760691,0,0,38.9100455045608,48.1535335417916,0,0
47.6503630634334,0,0,39.0865313868465,39.0865313868465,0,0
26.0793983756998,0,2.79396715588562,38.6590096013718,32.5388910694318,0,0
20.5682528321841,0,0,36.5466582631407,36.5466582631407,0,0
33.1019906668568,0,0,35.8644291605055,41.9905496553301,5.79326833861066,0
44.1408426644107,0,0,33.7069831572868,33.7069831572868,9.52237628272655,0
13.1883816637724,4.84097342817043,0,45.1768679972405,23.1890953207888,0,0
19.3672086901915,0,0,31.2771401467071,24.3506406744786,2.57939954304343,0
40.8980344651412,0,0,29.937695404755,27.4776439287562,10.3906327820496,0
58.6855270740879,0,0,18.9459190972837,18.9459190972837,10.4461780989947,0
47.9175898825617,5.29770389038399,8.44454500618837,0,0,61.6598387791341,0
16.9990913456722,0,0,41.6965232743341,49.4183575813902,10.464381095844,0
0,0,0,8.09713100587626,8.09713100587626,5.88705496024888,12.9277566539924
55.5832477917115,0,0,0,8.07078354664875,0,0
6.99098259741123,19.482248028483,0,0,0,0,0
0,14.2651167789081,0,0,0,22.0384367387878,0
14.5769845743966,29.6719676922984,0,0,0,8.16359284752748,0
0,16.5841829159656,7.89678808274767,0,0,7.86732591804416,0
0,16.0878866891726,19.3658887552618,21.710896730708,0,0,0
0,0,6.73071574447121,4.83944024602474,15.2541699446126,0,0
0,0,15.4738031866409,0,36.4057315783716,3.15018047908994,0
0,16.253506178455,4.06640891516944,0,0,10.4829050109924,0
0,16.9508447392531,21.7133545897393,0,0,7.88871780305861,0
0,0,30.6332624875883,0,14.5099744791197,0,0
0,0,29.8281422214965,0,11.7565416173409,0,0
0,7.90348754375182,5.85329221969906,0,17.2960155950633,7.90348754375182,0
0,19.8628469454465,16.0300258660428,0,0,14.6185778249043,0
0,0,2.90554181355993,0,0,0,0
0,0,10.1408200785674,0,18.8946338530089,0,0
0,6.09715737003234,21.602636317961,0,7.58439120156854,6.09715737003234,0
0,0,8.33408809588503,0,0,5.95356700781934,0
0,29.6007675063037,16.888324823678,21.522922967042,0,0,0
0,31.7860239521887,12.5839072344148,41.8573550788592,0,0,0
0,22.2788699933652,6.37688183471282,51.5275329025926,0,0,0
0,23.1260024313293,0,58.437329759989,0,0,0
0,22.5927697445479,0,58.1151909745536,0,0,0
0,20.1755932687318,8.5601236213652,48.7222126835366,0,0,0
0,12.6600996364007,9.05492442448955,20.1319814750938,0,0,6.30276573005435
0,4.55419106810337,18.897557421581,0,0,0,0
6.3387617592182,12.7202697247106,19.1503004108386,6.38150796549238,0,0,0
0,21.9493860389559,16.1773559062893,28.6537450827374,0,0,0
0,26.2258247471406,15.7869363834011,17.3015407883543,0,0,0
0,7.8558268350231,15.2840827442986,0,0,8.36047177928483,0
0,21.6256107112222,14.9017267743259,14.5201021892366,0,9.32308954611568,0
0,0,7.24059831668044,0,0,0,47.1940633180307
0,0,25.7803700424797,0,0,0,0
0,0,19.7452679344825,0,0,0,0
4.69608001054312,4.69608001054312,15.5401150956934,0,0,0,0
0,0,27.5372064007836,0,0,0,0
0,0,16.6229320254517,0,0,6.33826426818346,0
0,7.06157093345529,0,12.8162685921596,0,5.90654742273081,11.0809487949477
0,0,0,21.0983836645991,0,0,52.7765976515039
0,0,6.41464884544576,0,0,12.6509754063849,0
0,0,32.9341622503057,0,0,0,0
16.7260091802153,0,14.3751876796363,0,0,6.22023937197032,0
4.31184891183463,0,8.99917354528665,0,0,4.31184891183463,0
0,0,13.0063828415465,0,0,11.4461326857364,0
0,8.54007229588886,0,0,0,0,0
0,0,0,0,0,0,0
0,0,11.5598399279128,0,0,0,6.93988667506909
8.61192299760346,0,4.94998897730747,0,0,0,0
0,14.7005422678416,0,9.74975926105247,0,0,0
0,10.1198328918624,0,4.93651908863397,0,0,0
0,0,7.45492825037306,0,0,0,5.46316040989482
0,0,19.0226384536845,11.1115023060944,0,0,0
0,5.83982202447163,12.2051321391585,6.67408231368186,0,0,0
0,0,4.61485619060181,41.9725192993087,0,0,8.51206933254624
0,0,0,38.287674308851,0,0,15.3751850535799
0,0,0,40.061472741007,0,0,4.22234377848975
3.76691327242743,0,0,52.9816351766918,3.98508033278885,8.50380671250493,10.4955621053009
0,0,0,19.4505890813181,0,0,28.3180139317894
0,0,0,6.68324010772738,0,0,30.0421241626959
0,0,0,12.766847670319,0,0,34.4806269860714
0,0,5.99252159430464,52.0402331695051,5.61043711118005,0,0
0,0,0,65.0458018798138,11.0829850333093,0,3.56662520139728
0,0,7.0376736795161,52.8911586716719,8.67535226615055,0,0
0,0,4.2042416126492,36.2172058031881,0,0,23.6885657974934
7.98875672532574,0,9.26452776130932,33.937028332206,12.1160279042369,7.98875672532574,25.2192595863182
4.20227554517042,5.331799131835,0,22.9758178082411,0,4.35782808918683,6.01941208208932
0,0,0,12.9146505199303,11.8219685688733,0,0
0,0,0,0,7.76094966272,0,0
0,0,0,27.0408821554668,7.28052221456224,0,12.7485412078305
0,0,0,32.508352030485,0,0,42.0934438738829
0,0,0,34.7953222897489,0,0,47.6413612056517
0,0,4.09886839202888,0,0,0,0
0,0,6.58064832177138,18.8808543412412,10.8534431378099,0,0
0,0,6.64919647649417,48.550590633753,13.3858942497215,6.64919647649417,0
7.0783420269524,0,0,17.0814565497892,4.71300588095194,0,9.58304652678359
0,0,0,50.5473463474184,6.14488878773254,0,8.04509394421778
0,0,10.3873433074378,24.3529731098762,0,5.0008425551924,0
22.5840495828668,3.17185257613274,3.19084041697551,27.6295163147187,0,0,0
0,0,0,21.8308288692665,0,6.76371366075623,0
0,0,0,0,16.3952412185758,0,0
0,0,0,18.7734120094539,16.5280461174237,0,26.4795953854485
0,7.10941078353643,0,6.1493457908487,7.11500907374619,0,28.5926405720426
0,0,0,13.4009045816591,9.1699102312432,0,0
0,0,3.81959131564982,17.2769886254393,20.781645350581,0,0
0,0,4.23694640020978,6.17822561093271,0,0,0
5.2642245266454,5.2642245266454,10.4359978420088,0,0,0,0
11.5073361888271,11.5073361888271,6.96208876332815,0,0,0,0
0,0,0,6.51261996961977,0,0,13.1840151757649
0,0,3.55835455788775,0,0,0,0
0,0,13.4566842071031,0,0,0,0
0,0,6.97771100295653,0,0,0,24.8379131450361
0,0,16.561176678678,31.0646916628806,8.92532002483207,15.7870824764078,5.78905932988135
0,0,19.5717309348312,48.6729832129438,22.0206446560301,0,14.8642340232624
7.78894429850402,0,6.87149913558068,46.7910568723282,30.024062970469,0,30.4057339645901
11.8821582173479,0,0,35.2256907243314,28.8815568383477,0,11.8949449703236
11.7887146760049,0,0,27.7332250148775,21.186749364612,0,9.82889068929073
17.0928784337872,0,30.2204061069984,45.9502651870303,22.3339257476315,10.2839390419681,7.6247918386767
12.203483878639,0,15.0413190384653,19.5105130694992,29.6847070014467,16.3884980479975,0
0,0,21.5919747264418,0,0,25.4832703205948,0
0,0,15.8324836167832,0,0,0,0
0,0,8.70921806451125,13.4330856825244,20.4581146768256,0,16.2452639495853
0,0,15.4011982398332,0,0,25.4785938979689,0
0,0,0,6.6580107494414,0,7.04148801256116,0
8.7633202467751,0,12.494547267402,0,0,8.7633202467751,0
0,0,10.2687196690696,0,0,8.16469994138199,0
0,0,40.3618940497211,0,0,20.6438747418288,0
0,0,24.947332304566,0,0,17.2358866322676,0
0,0,7.8169106508494,0,0,0,0
0,0,26.0651139633849,0,0,0,0
2.78653662829068,2.78653662829068,12.6269524088876,0,0,0,0
0,0,0,0,18.3352102460346,0,0
0,0,0,0,8.82943002555275,9.21377737418959,9.47775220155006
0,0,5.17800071893076,12.6425933793013,13.7964118819646,6.25678899382375,17.5717133427012
0,0,0,21.2142621354683,36.9696411317224,0,15.4471744210111
0,0,0,38.3348244883218,26.909122995662,0,30.6577532535224
0,0,12.0736280390873,39.8777307033087,21.5119877923916,7.78446990467817,25.9288251907222
0,0,0,7.39567171558861,0,19.2033029366286,6.05726366704132
0,0,0,8.84150699097859,8.84150699097859,6.2616130957886,32.2495144569906
0,0,0,15.443183760876,9.19101305572301,0,30.7026336389566
0,0,10.8477358030054,19.174711101801,8.3269752987956,9.16565931056483,24.7240741132224
0,0,22.1464667886617,0,0,0,0
0,0,11.2191075566456,0,0,9.33738470277434,0
0,0,0,7.39248108417788,0,20.088636019413,4.21383275054821
0,0,0,8.65836043541063,0,28.765332227946,7.28423489968424
0,0,0,8.11037358140348,8.11037358140348,19.1061413789253,9.34993267242344
0,0,0,0,0,16.602244867553,0
5.18043726402669,5.18043726402669,12.5975356337987,0,0,0,5.33731378230455
6.72102439266729,6.72102439266729,13.9748621392021,0,0,0,0
0,0,11.1826768726871,0,0,0,0
0,0,20.1682642836101,0,0,0,0
0,0,23.7712762627121,0,0,0,0
0,0,0,13.4209391735643,5.58772283013422,0,0
0,0,0,23.8075966591592,0,17.3171218093093,0
3.16633928480786,0,2.44079208499366,3.16633928480786,53.511965883286,0,8.17566552031431
2.76165870725638,0,0,4.41859518541349,59.7225584975744,0,8.4847131905773
0,0,0,0,41.259258969663,0,16.8960447081929
0,0,0,8.69775642808284,29.2844046723437,0,16.6701306253958
0,0,7.92372751457021,13.9661896797795,48.818001287558,7.92372751457021,8.61042513258784
0,0,12.0057405062083,14.8537189188501,34.1773320010946,12.0057405062083,15.0269841976974
0,0,6.92846022817246,24.4258111871009,24.4258111871009,6.92846022817246,17.1306092923791
0,0,13.7516469348053,32.8704669921795,27.0631100162506,7.94428995887634,16.9323419816778
0,0,6.48207657347357,32.5471164381594,25.6802224342756,6.48207657347357,16.8872740262395
0,0,18.7096317736989,23.6813510237646,12.8448239625371,0,15.6707254369701
0,0,24.00180810581,21.071103561849,7.01626697837242,0,6.66813691423248
13.753078034359,0,6.64919297745064,34.2590946400417,21.6965625023288,0,0
13.1692014043674,0,0,36.6360928905664,13.1692014043674,0,0
0,0,0,0,0,19.7080990122444,7.28239413063836
0,6.26228479905003,0,0,0,9.8857768062994,0
0,5.95084697822056,11.8387511305265,6.14517531453951,0,0,5.88209874603224
11.498474316271,0,14.0018380191796,11.498474316271,34.447926533364,0,12.852451079115
0,0,0,3.5418192760021,47.3237699924886,0,14.0352198150948
0,0,0,8.73559423018505,56.902069073883,0,10.2870186992096
0,0,0,11.2966602893024,42.8978285743537,0,15.5281743190191
0,0,8.70927550613938,18.0574987678488,27.7919418139059,8.70927550613938,20.8092275703925
0,0,7.1867974279762,24.0692560412244,24.0692560412244,7.1867974279762,19.6281591823361
0,0,9.09356065411567,22.6946879431147,22.6946879431147,9.09356065411567,21.8526617521441
0,0,21.3140494874254,16.3347237492681,5.35352596224291,0,16.0394244183155
0,0,17.2761662220818,9.27977247167512,0,10.2168396984878,12.9527562714353
0,0,32.0281167955064,10.034663695375,0,13.3065059662861,11.8920095421004
0,5.82182527221341,34.2327999824732,13.0976462941731,0,5.95035528324072,5.34908799680623
15.8398409974968,0,13.6502453724885,21.6477369319414,37.6035509051505,6.8760021950874,7.9791184034818
8.16071337511835,4.22358155281472,14.3814614700724,3.93713182230362,3.93713182230362,0,0
6.39122695869914,13.8979394817027,21.8515250248891,0,0,7.50671252300358,0
0,9.69766577389745,25.7804979174014,6.43425279030091,0,9.69766577389745,0
5.5956187814736,11.6526158837927,26.2657426596772,0,0,6.05699710231909,0
7.09711502531922,7.09711502531922,20.8764447422335,0,0,0,0
0,7.81882131165666,42.2843340622605,0,0,7.81882131165666,0
0,24.3281121426847,12.3960874508242,0,0,15.5295287553174,0
0,3.86764132686904,18.9135593104439,0,0,0,5.18056058917253
36.9169024277913,0,0,14.9957234028554,14.9957234028554,18.7472860056583,0
7.97680751998594,0,21.1162845178483,0,0,7.97680751998594,0
10.1539887727249,16.9191945202658,25.391152083226,0,0,6.76520574754082,0
0,0,18.2782325649185,0,0,0,0
17.0411424247846,0,0,7.91073141716513,7.91073141716513,17.9710048964995,0
0,6.10309649255611,7.23354784068988,0,0,19.8391837286514,0
4.42406417814425,0,34.0588606016045,4.42406417814425,4.42406417814425,5.11074931397134,0
4.12205589104927,4.12205589104927,9.93261362854983,0,0,3.90120979974196,0
0,0,0,6.67514604547614,6.67514604547614,14.2020023383041,0
0,8.19930975738434,0,0,0,28.3669705327589,0
15.5873705432683,15.5873705432683,9.31344429910356,0,0,0,0
0,0,14.8532596840876,7.76543108379099,0,31.0682857471486,0
0,0,6.84140243000738,18.3273569541642,23.8048386154049,6.84140243000738,19.3670377270447
0,0,22.0736603965881,8.30342323720079,8.30342323720079,18.5107975935328,15.2125562107876
0,0,20.7206453072209,0,0,8.80066397254341,5.01839816623892
0,0,0,16.0779659000579,7.29017396053578,25.8826455844739,32.576908726146
0,0,8.8731019602375,16.7205468996543,24.2114649307569,8.8731019602375,18.1272613185184
0,0,6.05181262165619,25.9968740868343,18.4633488027446,6.05181262165619,18.4513165015038
0,0,15.1916779920284,17.8505244513659,15.9263304746558,6.49495375527366,25.8152878564485
0,0,0,12.8834768795659,20.5059338709246,7.04173994719384,48.2497270416776
0,0,8.7577696117813,33.3899416680468,17.5931272243225,11.3833321808475,38.661985453783
0,0,6.38071550766984,7.63258217882258,31.3800037786342,6.38071550766984,18.6560140240815
0,0,5.35843119036459,0,29.878451266438,5.35843119036459,19.4265875237989
0,0,0,5.25389866749488,47.8823262397793,0,13.4778921214366
0,0,0,19.6615935534475,33.7142277191049,0,21.109830257353
17.5970743250511,0,6.9090387580223,9.64468825069019,5.04643074827005,10.5015954967552,0
3.77398302913381,0,24.211869558446,3.77398302913381,3.77398302913381,27.7642968746075,0
0,0,17.4072369404681,0,0,19.7495829803202,0
12.1066979028999,7.83767788861053,15.8271417926695,4.26902001428935,12.8959851832318,0,0
0,0,11.6917586203002,7.6879637681978,7.6879637681978,11.8250302119922,0
0,0,0,0,0,24.0552253973296,0
0,18.2689398424037,0,0,0,0,0
0,0,5.45706371191136,0,3.69806094182825,0,0
0,0,2.81777893984325,0,2.75928034314764,22.3765820271129,0
6.10626962214635,0,6.90373262484756,0,0,40.0976643990773,0
8.73131722507486,0,0,0,0,31.661543393267,0
0,0,20.3736299495614,0,7.72701051666248,0,0
0,6.65004366621613,13.4378391406818,0,0,42.4566572080255,0
0,6.78188863565316,7.3155100954524,0,0,22.347409210115,0
0,0,16.4483812590445,0,0,15.8824308585808,0
0,0,10.0033034025046,6.33852868454509,0,0,0
0,15.6136758349087,0,7.51164521663773,0,9.67400382291581,0
0,7.14938317616576,7.85232212251854,0,0,5.88259834136224,0
0,0,19.2383640123394,0,0,0,0
0,7.88374384482528,0,0,0,12.7155950241587,0
0,8.06794746695188,22.1914478115356,0,0,6.88177198072419,0
0,0,14.6487087790565,0,0,33.7650729810624,0
0,9.80394088893977,26.7082124717758,0,0,11.6860083056239,0
0,9.87044782964054,15.7659406863344,0,0,8.98322071947129,11.0957014419752
0,0,0,9.28928679493798,9.28928679493798,24.4800302308801,34.7973449400928
0,8.20518218024337,10.9347871070126,0,0,0,0
0,16.1318384981925,10.273868412826,13.0733553587388,0,8.405074632262,0
9.11332142597942,8.3192449690492,11.2240727271584,9.11332142597942,9.11332142597942,10.2329977807568,0
0,13.8723324310671,11.8835951030882,5.55038744925023,0,0,0
0,8.45265013359436,15.6939642986549,0,0,10.0126866315864,0
0,20.5416461700519,10.5813926872109,11.4440428379609,0,9.19179778381747,0
0,16.547349012283,14.0695145658652,8.61957691279929,0,10.8168440327334,0
0,9.21873284224753,14.2421773835981,0,0,8.1906335118936,0
0,17.2418331424343,15.1268125965664,8.90197385801943,0,7.5885467436623,0
7.18907542459986,0,17.5145612060105,0,0,7.18907542459986,0
0,8.77967027577828,22.8770813239827,0,0,0,0
0,9.22275654741152,18.8652302336089,0,0,8.26092431093114,0
47.9630997418292,0,0,0,0,26.4878266556172,0
17.1929588443442,0,0,0,13.3802145544882,8.39656129607509,0
20.251609386739,6.91896351074642,0,0,0,16.0013552730433,0
16.6694773923961,10.0705179855217,6.04024959244475,0,0,0,0
24.2119509353799,0,4.89875282669771,0,10.146988282053,5.31076543548278,0
5.88314667386317,0,26.7035487788422,13.1493725543112,13.1493725543112,5.88314667386317,0
15.813982717989,0,18.3484681853889,0,13.531500392773,5.77659073055774,0
0,0,38.4677012551557,5.48648408059108,5.48648408059108,15.6849945105487,0
30.883879651675,13.8544017134604,12.5316443259636,0,0,0,0
14.6348273880801,10.0221772353096,27.9857378360817,0,0,0,0
6.8105524507388,6.8105524507388,18.9958991621644,6.18380308539229,16.6841796929486,0,0
27.6655050239352,0,8.23390582264942,8.48590188139618,27.4260070396131,14.4919532746408,0
9.08896260256871,0,20.295674573502,0,0,0,0
5.55829539611849,0,38.3928611580382,0,0,0,0
0,0,40.182742335022,0,6.59312401964565,0,0
8.71549730146493,4.10794140323826,20.1110254433308,0,5.09483423284503,4.37162683114882,0
11.3715113086025,4.40960607119677,17.4606820110839,0,0,0,0
0,0,24.3381577584352,0,0,14.1194782289959,0
0,0,21.7257059450963,0,0,0,0
7.0042771756858,7.0042771756858,6.8664519656172,0,0,0,0
16.3159330665697,8.51764277919241,22.7450891233176,0,0,0,0
8.0134379856875,8.0134379856875,46.2982765263846,0,0,5.65096737045807,0
0,4.5014758629829,38.4236958209511,5.24897139663771,4.58323904729637,4.5014758629829,0
5.257979661827,5.257979661827,20.0392798935112,0,0,26.7379579309354,0
0,0,11.4623187977722,0,0,30.8265479929505,0
19.442965599224,6.19170209817749,4.25542776712199,0,1.5490194648444,28.861791582494,0
13.6038956051552,0,4.32111092336288,0,25.9174488087375,0,0
5.20237632557881,4.8636944089723,20.191364536487,0,13.8026761423574,13.2437584439139,0
0,0,37.0680377854836,4.78297261748176,4.78297261748176,22.2613211253651,0
22.2550533879525,13.8707944395944,0,0,0,12.6821570075885,0
30.5670787779708,0,9.98467354654133,0,0,5.02707673444365,0
17.5207046141711,0,5.43446825292493,0,25.3766267911135,0,0
7.52335053524973,0,0,0,15.995649763296,0,0
0,3.08199716982182,35.0852953302061,0,0,7.52448549812249,3.12210993125119
0,5.06974993064637,0,5.13464510759719,0,5.06974993064637,0
0,0,2.42076323206474,0,0,0,0
44.2921747618721,0,7.11066370770323,9.2185438544312,25.8497487168928,11.6917187154438,0
35.3712440784479,0,4.70745370859717,0,20.6488003151755,12.9207544994186,0
7.75455242692009,5.86487992185489,0,5.55859508695142,5.55859508695142,5.86487992185489,0
22.4046610169492,0,0,24.117231638418,24.117231638418,19.0148305084745,0
20.9177771945684,0,0,25.894011411464,55.5414613283566,3.96971199175731,0
10.2750141631797,0,0,7.51857778484557,20.7945295339569,6.95933925039508,0
5.81635791014071,6.25430792233546,0,22.165254551817,38.5221042808818,12.0706658324762,0
13.062524469087,2.23475509750601,0,38.9442051911498,38.9442051911498,7.28729088850562,0
32.726315608219,0,15.0367875864342,10.1485032827171,11.051773208404,8.67257203159477,0
24.959913552705,17.3609174567764,11.5222392638037,0,0,34.3906860011154,0
8.25369319916381,8.14698947209274,20.0707675399703,5.55091977449752,0,0,0
46.6919386866548,0,10.4824311946675,9.23341382556379,9.23341382556379,57.1743698813222,0
10.1831238779174,5.15332136445242,16.7770197486535,10.3928186714542,10.3928186714542,26.7834829443447,0
25.811396479884,0,8.19827478086372,8.79053498515866,8.79053498515866,34.0096712607478,0
0,0,0,0,10.7291371114668,7.22291822318406,5.7601644820547
0,0,0,5.98756677360556,10.6306360968063,4.34834269996689,0
0,0,0,0,5.78415680943663,0,0
0,7.26560492199016,0,0,5.24439908164773,0,0
0,4.24465656894949,0,0,15.3792221768794,0,0
0,0,0,0,0,0,0
0,0,0,0,0,0,0
7.12168524280145,7.12168524280145,0,0,0,5.80300143532136,0
4.41918279720355,4.41918279720355,0,0,0,0,0
0,0,0,0,5.59843087613262,0,14.0877254343455
0,0,0,4.47649150258375,13.3931753385602,0,10.6144617560584
0,0,0,18.9334731623114,8.73951524378649,0,0
8.18624044994664,0,0,14.2361722849899,16.5360880059382,0,0
41.6742275429179,0,0,16.1184231573963,9.89794416682129,0,0
13.0086597475258,0,7.09419194948315,0,0,0,0
5.04018794281899,0,5.80244187314924,0,0,0,0
4.57471026998853,0,25.8028934485206,0,0,4.57471026998853,0
0,0,20.3439726303326,0,0,0,0
0,0,5.53228026766912,0,0,0,7.10849206017177
0,0,8.79663347725272,0,0,0,18.4767238412987
0,0,0,17.1449283533761,0,0,0
9.4849230127654,5.61582096643803,0,21.0276244793598,0,0,0
0,0,0,6.70959914891351,3.57845287942054,4.08140270290191,0
58.87521406462,0,10.9665030083947,0,7.0762719484926,69.8724904232934,0
53.7860914503988,0,17.889643218258,0,9.88331969120644,49.447895100069,0
15.6202263914457,0,6.51756687947984,10.4004282375674,33.1296593683495,7.99159192093273,4.68450119462614
30.3791991020208,0,0,0,9.50246987100122,16.2891527035769,0
19.702684652677,0,19.140013465173,0,0,6.71014457486015,0
13.6448249906474,0,22.0816625174844,0,7.84263055651126,7.19944470569851,0
42.4686349911435,0,0,12.7827898567351,12.7827898567351,16.8388109288815,0
43.6834142096722,0,5.63965475341209,31.7455962245514,31.7455962245514,15.5043469398954,0
57.9934582771396,0,3.93743508657707,34.324409513918,34.324409513918,15.6164256150305,0
48.4184925205302,0,4.55412819027499,39.3089583262343,39.3089583262343,9.10953419429584,0
14.5629432442227,0,9.60163486580228,21.791798051531,35.3974630396548,9.60163486580228,12.1639513820263
5.71493475653294,0,13.8766541008511,6.61067848534215,20.8932064447016,13.8766541008511,13.5583028042485
8.06909031979256,0,17.413029386344,8.06909031979256,16.0949654278306,9.71126836646499,7.08999567847882
5.37951766903796,0,28.6860954073281,0,0,5.37951766903796,0
11.7389608701304,0,23.7639207869307,0,12.160737241987,11.7389608701304,0
0,0,23.0487929732658,0,0,0,0
3.90750567572573,0,12.4475009659594,0,0,0,0
0,0,7.32608678809665,0,0,0,0
0,0,17.0899680280067,0,0,0,0
6.95042949446622,0,16.0619095611716,0,7.32627753785186,0,0
0,0,36.6346324261194,0,0,0,0
0,0,18.7836308280825,0,0,0,0
51.079570047566,0,0,0,17.1449657569026,10.7095474666337,0
41.1513974384069,0,0,7.99248066130474,17.041608233125,0,0
28.501658979912,0,0,16.1806530146753,16.1806530146753,30.3171118681325,0
31.7009895728368,0,0,7.27963102501468,7.27963102501468,20.2630731056721,0
22.3991295425278,0,18.314039570005,8.17500051648979,7.45398075903342,25.0683488165497,0
28.1642780502759,0,3.62124463519313,32.1095666002453,32.1095666002453,10.2530081238504,0
25.1258817675586,0,0,35.7706582991498,35.7706582991498,5.848770465459,0
40.6104579762481,0,0,25.6795958603567,25.6795958603567,0,0
26.3356067672455,0,0,32.6416046963383,47.0010354535886,0,0
23.9985323504678,0,0,29.7160861529975,54.4324370246607,0,4.30728050205433
35.7690170103046,0,0,33.2981039933672,40.1140701732008,0,0
25.5971465527378,0,0,32.0213224630581,31.6027123427272,0,0
27.1865284974093,0,0,37.7239082161362,31.4285714285714,0,0
36.9718881639905,0,0,43.7856412803637,27.0002101462427,8.34829829303938,0
38.3438569765479,0,0,22.8496496687108,37.606408530859,3.17700061021263,0
18.3126000614006,9.65308664841565,3.81191120763803,37.3759619214834,19.3843195063595,0,0
15.1218006553018,11.165060069329,0,39.3667790493376,15.1218006553018,0,0
48.2150932413978,0,5.4319550471244,34.7372898430679,26.6377129552934,14.7390807942868,0
34.584716251451,0,3.92330710406739,26.8343473112572,33.5015195086241,0,0
49.9349170962138,0,19.5475909858995,10.9433944402634,17.0512474617668,45.5073863179169,0
15.1499554648758,4.42515787624475,32.8382589077953,10.7247975886311,18.1512221732524,0,0
0,0,24.6047616071987,0,4.16171967756046,7.51109167031183,0
