"term","prop_connected","prop_connected_std","wilcox_effect_size","wilcox_p_value","wilcox_adj_p_value","fold_change","log_fold_change","de_label","plot_label","de_color","label_color","nudge_x","nudge_y"
"abuse",0.0824468085106383,1.92617143089167,77179.7991538313,2.24884946503841e-10,7.03889882557023e-08,0.498963572679104,0.573249287791474,"abuse",NA,"#00A9FF","darkblue",2,1
"acoustic",0.250380517503805,6.52090264870777,216384.93736034,0.00428461100748964,1.34108324534426,3.46890250022265,1.14299416307477,NA,NA,"#BDBDBD","#BDBDBD",0,1
"action",0.129830695620169,2.53776114333151,2026605.37776101,8.35095258087779e-13,2.61384815781475e-10,1.21102396519321,0.668188848912623,"action",NA,"#00A9FF","darkblue",2,1
"addiction",0.0619047619047619,1.76910528917449,9674.84929675827,0.669177593301609,209.452586703404,0.209776347880235,0.266711037786194,"addiction",NA,"#F8766D","darkred",-3,1
"affect",0.0910119680395048,1.95055635548115,3073818.9711737,0.00132704612793737,0.415365438044397,0.393500688100289,0.389542565134446,"affect",NA,"#F8766D","darkred",-3,1
"alzheimer",0.122036693465265,3.05651187036468,439537.840171163,0.87679911599339,274.438123305931,0.622606340025392,0.603363146253241,NA,NA,"#BDBDBD","#BDBDBD",0,1
"amnestic",0.121943371943372,1.95393866428081,528719.143470148,0.0540126579666953,16.9059619435756,0.621882319640254,0.429868009062381,"amnestic",NA,"#F8766D","darkred",-3,1
"anger",0.0645537948290242,1.31791965041525,506615.137078592,0.653553958642871,204.562389055219,0.276734531043253,0.308281475897568,"anger",NA,"#F8766D","darkred",-3,1
"anticipation",0.0798319327731092,1.30041617660364,273404.042229446,0.80566660214229,252.173646470537,0.288112733526987,0.23969022722751,"anticipation",NA,"#F8766D","darkred",-3,1
"anxiety",0.0946589106292967,2.41264011388532,144889.570400304,0.147396259016979,46.1350290723144,0.316160117293211,0.418233932987207,"anxiety",NA,"#F8766D","darkred",-3,1
"aphasia",0.131522836943104,2.78997734139875,897822.008264242,0.00772186867792456,2.41694489619039,0.954940616325771,0.577328900353286,NA,NA,"#BDBDBD","#BDBDBD",0,1
"appraisal",0.150197628458498,2.62766520069031,13651.7139671705,0.62632565025186,196.039928528832,1.72334004624391,0.84342485803456,NA,NA,"#BDBDBD","#BDBDBD",0,1
"arithmetic",0.122596754057428,2.04455548615449,324992.482586961,0.100240057515843,31.375138002459,1.64553058676654,0.678607429476103,NA,NA,"#BDBDBD","#BDBDBD",0,1
"arm",0.212311901504788,4.79527164517241,330278.90009578,0.0262002631714243,8.2006823726558,2.54973801528237,0.92691921436025,NA,NA,"#BDBDBD","#BDBDBD",0,1
"arousal",0.0914542728635682,1.78793773606602,642632.257931354,0.712477985990417,223.005609615,0.326330457800161,0.35780754167758,"arousal",NA,"#F8766D","darkred",-3,1
"speech",0.116055846422339,2.33465448269532,1892365.05337815,3.80241565962617e-07,0.000119015610146299,0.914516971755192,0.591335802257289,"speech",NA,"#00A9FF","darkblue",2,1
"attention",0.103301081388731,1.60613503307458,2511759.78642686,0.257013896410837,80.4453495765918,0.58577418289736,0.349377649315826,"attention",NA,"#F8766D","darkred",-3,1
"audiovisual",0.145179063360882,2.33367893814175,579376.611461862,0.018493085614678,5.7883357973942,1.42144977439859,0.600232657355653,NA,NA,"#BDBDBD","#BDBDBD",0,1
"auditory",0.170070983630306,3.32984303561063,634984.872856521,2.20541970818177e-06,0.000690296368660894,1.83297682760685,0.765629531965572,"auditory",NA,"#00A9FF","darkblue",2,1
"autism",0.0901340996168582,1.31444528767253,825524.201447935,0.601174207224336,188.167526861217,0.326936524663531,0.229145098596017,"autism",NA,"#F8766D","darkred",-3,1
"autobiographical",0.0744892613933997,1.46174634551331,7123311.8609016,7.25653942497357e-12,2.27129684001673e-09,0.187643064186832,0.197384403188191,NA,NA,"#BDBDBD","#BDBDBD",0,1
"autonomic",0.091248206599713,1.74214897264708,2115379.31143493,0.0088907391227116,2.78280134540873,0.404704704612375,0.377628518512108,"autonomic",NA,"#F8766D","darkred",-3,1
"aversive",0.103298350824588,1.81059814920126,578632.862268739,2.56064914854135e-05,0.00801483183493442,0.469822140987618,0.408043042708521,"aversive",NA,"#F8766D","darkred",-3,1
"avoidance",0.0963265306122449,2.35202203580819,88528.4528258744,0.147768621478639,46.251578522814,0.252191570095375,0.342772928903221,"avoidance",NA,"#F8766D","darkred",-3,1
"balance",0.123333333333333,1.89507871321013,13495.3500993406,0.544120572457294,170.309739179133,1.41459263218852,0.546139915517333,NA,NA,"#BDBDBD","#BDBDBD",0,1
"belief",0.0856155664666303,1.68689953769211,2536873.25045933,0.853841170890129,267.25228648861,0.394263197163319,0.321920749083642,"belief",NA,"#F8766D","darkred",-3,1
"bilingual",0.159300873907615,2.99847438673848,377279.548486364,0.00207699726066105,0.650100142586908,1.49858977220361,0.663990507759634,NA,NA,"#BDBDBD","#BDBDBD",0,1
"bipolar",0.10989010989011,3.00620171907301,3601.20176576312,0.528671303538123,165.474118007433,0.749945313463229,0.750139570973348,NA,NA,"#BDBDBD","#BDBDBD",0,1
"blind",0.153846153846154,2.75048629531388,16644.2236908126,0.568708909449498,178.005888657693,1.49045417362249,0.685823901489467,NA,NA,"#BDBDBD","#BDBDBD",0,1
"body",0.129459734964322,2.03986555362702,465889.32430988,0.0416874508413378,13.0481721133387,1.15198962503491,0.535623574365375,NA,NA,"#BDBDBD","#BDBDBD",0,1
"calculation",0.123242349048801,1.92902084072402,1146499.88865824,0.084435947419024,26.4284515421545,1.15402252137838,0.564644902146848,NA,NA,"#BDBDBD","#BDBDBD",0,1
"categorization",0.173955773955774,3.08272445321626,541713.744454476,0.000747225492968296,0.233881579299077,1.00753307039153,0.545634654022921,NA,NA,"#BDBDBD","#BDBDBD",0,1
"character",0.106493506493506,1.72846617434853,1567888.76236568,0.341323219768494,106.834167787539,0.658927652301792,0.396423821882637,"character",NA,"#F8766D","darkred",-3,1
"choice",0.074310193618026,1.24064664956309,2896642.71725828,0.00940009254739976,2.94222896733612,0.201471626751272,0.189730745927351,"choice",NA,"#F8766D","darkred",-3,1
"pain",0.100763855030067,2.54606196066736,4213154.25396093,6.30203772622151e-26,1.97253780830733e-23,0.610063420454,0.586778914036278,"pain","pain","#00A9FF","darkblue",2,1
"cognition",0.0845219601751165,1.31776215367919,3804896.95772873,0.259009285997026,81.0699065170693,0.241280982671638,0.19704961183892,"cognition",NA,"#F8766D","darkred",-3,1
"color",0.137525712606524,2.06804819277108,267485.084675428,0.00185125481953708,0.579442758515106,1.42689878847523,0.596941960767278,NA,NA,"#BDBDBD","#BDBDBD",0,1
"communication",0.320197044334975,3.98925360516347,14821.7418298641,0.944047894873507,295.486991095408,6.51064626627084,1.05610760547229,NA,NA,"#BDBDBD","#BDBDBD",0,1
"competition",0.114265561629342,1.62922125004394,505378.573912589,0.0128031436570337,4.00738396465154,0.802728326781617,0.453242541289405,"competition",NA,"#F8766D","darkred",-3,1
"complexity",0.12531605562579,2.20973537918016,567903.094008024,0.0194528603982684,6.08874530465801,1.29374004747747,0.608918763993915,NA,NA,"#BDBDBD","#BDBDBD",0,1
"comprehension",0.123300801673057,2.45738872834625,1180573.8438624,0.000168550593812478,0.0527563358633055,1.03145740967523,0.612645783651004,NA,NA,"#BDBDBD","#BDBDBD",0,1
"compulsive",0.152631578947368,2.36306390977444,7956.73656954875,0.363909300448656,113.903611040429,1.20747283433497,0.674452165604209,NA,NA,"#BDBDBD","#BDBDBD",0,1
"computation",0.0813953488372093,1.89183226619779,61006.3884248852,0.0333387957933442,10.4350430833167,0.606083508540549,0.490695891681568,"computation",NA,"#F8766D","darkred",-3,1
"concentration",0.164502164502165,1.98152037787573,8915.40915354496,0.344373733267684,107.788978512785,1.29092006077634,0.584954264758718,NA,NA,"#BDBDBD","#BDBDBD",0,1
"concept",0.143542582966813,3.24420113801955,780190.268084305,0.00141752924204362,0.443686652759653,1.12440503445985,0.708602311239151,NA,NA,"#BDBDBD","#BDBDBD",0,1
"condition",0.113612455291395,2.13487322559008,414618.348150188,0.853146822469719,267.034955433022,0.512706436663686,0.502090409157014,NA,NA,"#BDBDBD","#BDBDBD",0,1
"confidence",0.167532467532468,2.75672430531387,126292.311344594,0.112156954691739,35.1051268185142,0.876421722536667,0.59603857417784,NA,NA,"#BDBDBD","#BDBDBD",0,1
"conflict",0.164544319600499,2.8679728792676,365826.619864713,0.248944926478821,77.919761987871,1.48032345979346,0.679676185289481,NA,NA,"#BDBDBD","#BDBDBD",0,1
"consciousness",0.0870927318295739,1.31253353787491,104678.963459681,0.183083989956997,57.30528885654,0.601174296262133,0.396771925063214,"consciousness",NA,"#F8766D","darkred",-3,1
"consolidation",0.20855614973262,3.17415778460334,36330.9485935723,0.203650464816804,63.7425954876595,1.39963955402147,0.701632195687919,NA,NA,"#BDBDBD","#BDBDBD",0,1
"construction",0.0821537311041077,1.45103917180512,1815349.52483272,0.292634725553591,91.594669098274,0.382715002969604,0.333226199566423,"construction",NA,"#F8766D","darkred",-3,1
"context",0.116194158075601,1.75524021987848,404875.733663556,0.0677903201744616,21.2183702146065,0.46396414512102,0.319583613131934,"context",NA,"#F8766D","darkred",-3,1
"control",0.115609880315763,1.67956691670348,1052019.95408984,0.00179013854547403,0.560313364733371,0.68497560363043,0.394318443156658,"control",NA,"#F8766D","darkred",-3,1
"coordination",0.146680426556588,2.6411567200601,1375578.57777968,0.000390836005230174,0.122331669637044,1.4110704937942,0.713088651936018,NA,NA,"#BDBDBD","#BDBDBD",0,1
"covert",0.134726469588855,1.82908657161553,462615.423402565,0.0413746937591197,12.9502791466045,1.05291140870653,0.419569943921427,"covert",NA,"#F8766D","darkred",-3,1
"cue",0.135265700483092,1.58137008860333,59552.4416774747,0.167100983347879,52.3026077878861,1.56872097749755,0.465810412224504,"cue",NA,"#F8766D","darkred",-3,1
"decision",0.0742429359450636,1.33637284701114,1814434.14884127,0.599032967780378,187.497318915258,0.374159402727456,0.307428473675292,"decision",NA,"#F8766D","darkred",-3,1
"decode",0.104729524619027,1.76566386175405,1616358.76489896,0.00907911116933474,2.84176179600177,0.481437359794323,0.370416976735927,"decode",NA,"#F8766D","darkred",-3,1
"default",0.111448642490982,2.47817332724478,2638596.6359488,2.43813992993894e-12,7.63137798070889e-10,0.563903405286632,0.515629612140432,"default",NA,"#00A9FF","darkblue",2,1
"delay",0.233766233766234,3.39529392383515,11010.0484166089,0.612867330984658,191.827474598198,2.63256394260761,0.728153024405125,NA,NA,"#BDBDBD","#BDBDBD",0,1
"demand",0.11037780966045,1.76025192988023,2087571.48254753,0.309483819317706,96.868435446442,0.846853654714262,0.507749131971366,NA,NA,"#BDBDBD","#BDBDBD",0,1
"dementia",0.108446482101922,3.29793291132198,469604.594215438,0.00979952854678471,3.06725243514361,0.430512858189808,0.510370500806792,NA,NA,"#BDBDBD","#BDBDBD",0,1
"depression",0.0440967283072546,1.25528686581318,39090.9173746279,0.936016699842573,292.973227050725,0.311449647601503,0.44621340080734,"depression",NA,"#F8766D","darkred",-3,1
"deprivation",0.182266009852217,2.0666957244011,17855.4119285012,0.00940149292710914,2.94266728618516,2.27048411054442,0.649635389172654,NA,NA,"#BDBDBD","#BDBDBD",0,1
"depth",0.188948306595365,2.31858216576227,27596.4727090336,0.813422587383217,254.601269850947,2.99403006085252,0.74027379890496,NA,NA,"#BDBDBD","#BDBDBD",0,1
"detection",0.110350076103501,1.55348570127881,174715.325589469,0.758173799299977,237.308399180893,0.735709739557725,0.332950771282915,"detection",NA,"#F8766D","darkred",-3,1
"disability",0.118279569892473,2.09195001453066,23954.8560001483,0.0976274442793087,30.5573900594236,1.30569642716303,0.588777306217794,NA,NA,"#BDBDBD","#BDBDBD",0,1
"discriminate",0.106493506493506,1.93027058330664,1071629.66823408,0.162910762336801,50.9910686114188,0.70715919014994,0.47649899611156,"discriminate",NA,"#F8766D","darkred",-3,1
"disgust",0.0938511326860841,2.191364548769,496057.952695706,0.0414766940747163,12.9822052453862,0.34640063796509,0.411923640348668,"disgust",NA,"#F8766D","darkred",-3,1
"ocd",0.16374269005848,2.8974358974359,7512.598776404,0.739569239873326,231.485172080351,1.31020027945971,0.669830165046332,NA,NA,"#BDBDBD","#BDBDBD",0,1
"stress",0.0946236559139785,1.84053077099062,22648.1313468907,0.290320091908401,90.8701887673296,0.528332662907578,0.500767526139986,NA,NA,"#BDBDBD","#BDBDBD",0,1
"distraction",0.101923076923077,1.29043831833061,139523.011453979,0.108848579287418,34.0696053169619,0.558650513439926,0.29162526971796,"distraction",NA,"#F8766D","darkred",-3,1
"dominance",0.146218487394958,2.58993384587878,663754.317268656,0.000831966282711403,0.260405446488669,1.46402999638294,0.654663460204362,NA,NA,"#BDBDBD","#BDBDBD",0,1
"dyslexia",0.208333333333333,5.09250109793588,87220.8091478468,0.00178373501678048,0.558309060252289,2.80344063184138,1.07064174124955,NA,NA,"#BDBDBD","#BDBDBD",0,1
"vision",0.168445914029287,3.46019715022261,900400.792677609,1.65237200951369e-05,0.00517192438977786,1.49045742344417,0.73457871056609,NA,NA,"#BDBDBD","#BDBDBD",0,1
"eat",0.0810647307924985,2.03159746125123,126846.338657115,0.639863327338466,200.27722145694,0.43365257579365,0.458738495249134,"eat",NA,"#F8766D","darkred",-3,1
"economic",0.130021141649049,2.6625274395924,62918.015132171,0.500996889897177,156.812026537816,0.727102106754647,0.572712684948551,NA,NA,"#BDBDBD","#BDBDBD",0,1
"efficiency",0.116666666666667,1.35281224152192,4185.42163469478,0.382630667846363,119.763399035911,1.35514480348099,0.466443929137311,"efficiency",NA,"#F8766D","darkred",-3,1
"effort",0.0788530465949821,1.25837954789969,131289.514485953,0.379210793927431,118.692978499286,0.588191459072044,0.343420394015236,"effort",NA,"#F8766D","darkred",-3,1
"emotion",0.0726489931520781,1.36505202481532,5497442.62589211,0.00770993587735491,2.41320992961209,0.170347387814232,0.188124785565193,"emotion","emotion","#F8766D","darkred",-3,0
"empathy",0.0967741935483871,1.61304985337243,2189995.31308983,0.0930618165967763,29.128348594791,0.497149041883911,0.389190401094879,"empathy",NA,"#F8766D","darkred",-3,1
"encode",0.107222601959444,1.83754491331808,2348877.4904418,0.000166404598323331,0.0520846392752027,0.51071503265715,0.393849350536714,"encode",NA,"#F8766D","darkred",-3,1
"engagement",0.096039603960396,1.52443737432869,425325.940957255,0.237572754209203,74.3602720674807,0.77023319103847,0.456623096046267,"engagement",NA,"#F8766D","darkred",-3,1
"english",0.129065324760041,2.57189733122244,1081773.75431031,0.000322966191448643,0.101088417923425,1.11525414476883,0.61970973539097,NA,NA,"#BDBDBD","#BDBDBD",0,1
"epilepsy",0.25296442687747,4.846237474401,14248.5606833883,0.601164149212005,188.164378703357,1.7259569638462,0.993499727699406,NA,NA,"#BDBDBD","#BDBDBD",0,1
"episodic",0.0832523957523957,1.61550434235953,5972803.31840988,4.42096594398555e-05,0.0138376234046748,0.275855744442846,0.267818393664067,"episodic",NA,"#F8766D","darkred",-3,1
"error",0.193446088794926,2.450865130653,59227.2478353012,0.154616408525255,48.3949358684049,1.57611387591489,0.679819240473082,NA,NA,"#BDBDBD","#BDBDBD",0,1
"evaluation",0.291005291005291,4.83651798850417,22492.220417093,0.207661498758651,64.9980491114577,2.4093876168593,0.988383809677705,NA,NA,"#BDBDBD","#BDBDBD",0,1
"events",0.0879284649776453,1.33255354405953,631955.326735084,0.664366245910742,207.946634970062,0.303930953269426,0.250113254289572,"events",NA,"#F8766D","darkred",-3,1
"execution",0.111851360318514,2.34970675446572,3441281.02592011,1.84777262503872e-20,5.78352831637121e-18,0.871420814362519,0.59987773495147,"execution",NA,"#00A9FF","darkblue",2,1
"expectation",0.0956054230949042,1.37218260280709,316395.168027657,0.516509541847646,161.667486598313,0.569215405856439,0.342114371566559,"expectation",NA,"#F8766D","darkred",-3,1
"experience",0.0725155279503106,1.2429270380643,1270004.16939207,0.198089964728372,62.0021589599803,0.20078788614525,0.189296402687335,"experience",NA,"#F8766D","darkred",-3,1
"expertise",0.134796238244514,1.75906226386724,273753.451028564,0.480304020367298,150.335158374964,0.724687963095175,0.352116207270919,"expertise",NA,"#F8766D","darkred",-3,1
"exploration",0.125541125541126,1.64550264550265,9852.56683163225,0.468449799625644,146.624787282826,0.491188875433248,0.25164556808582,"exploration",NA,"#F8766D","darkred",-3,1
"eye",0.122953981813172,2.01905493726838,1607178.28193984,0.000178178086700453,0.0557697411372418,1.01986616916456,0.545651489756103,NA,NA,"#BDBDBD","#BDBDBD",0,1
"face",0.11134732925857,2.48533099290879,2003483.50187685,3.21152635686258e-06,0.00100520774969799,0.494424978581068,0.441250510926649,"face",NA,"#F8766D","darkred",-3,1
"familiarity",0.114012357982858,1.85946693647979,1555926.74428071,0.000225311102113377,0.0705223749614871,0.632585924703033,0.432179267293629,"familiarity",NA,"#F8766D","darkred",-3,1
"fear",0.0776029526029526,1.62392087027215,968099.831207905,0.253411869043898,79.31791501074,0.23993228993229,0.293552942688704,"fear",NA,"#F8766D","darkred",-3,1
"feel",0.153333333333333,1.96965250965251,12900.613429076,0.445541049251574,139.454348415743,1.85600240456868,0.609899897444148,NA,NA,"#BDBDBD","#BDBDBD",0,1
"finger",0.129333586481868,2.58382140266256,2602378.59051417,1.40165857843873e-22,4.38719135051323e-20,1.04637222077115,0.666725095659184,"finger",NA,"#00A9FF","darkblue",2,1
"fixation",0.170886075949367,1.94299621088441,218792.694097013,0.901045937493997,282.027378435621,1.61476445972461,0.529291938417945,NA,NA,"#BDBDBD","#BDBDBD",0,1
"flexibility",0.142857142857143,1.91220779220779,2921.92127857317,0.00211004136953238,0.660442948663635,1.71297813840601,0.521459454248868,NA,NA,"#BDBDBD","#BDBDBD",0,1
"fluency",0.172946859903382,3.27463120120483,81149.3700995569,0.20153267228276,63.079726424504,2.33888416842976,0.881353542019732,NA,NA,"#BDBDBD","#BDBDBD",0,1
"food",0.105278255880666,2.46515570150696,323145.218019752,0.951759046180505,297.900581454498,0.471684513809772,0.503834598215841,NA,NA,"#BDBDBD","#BDBDBD",0,1
"foot",0.174750601995184,4.04262408126782,1165588.57734809,1.45343595746355e-08,4.5492545468609e-06,1.5785581640549,0.837963625723868,"foot",NA,"#00A9FF","darkblue",2,1
"force",0.151014791881665,2.735209719812,1104952.9009205,7.73367437149887e-09,2.42064007827915e-06,1.4157469945998,0.729638997759693,"force",NA,"#00A9FF","darkblue",2,1
"gain",0.0885307983615426,1.35957678946962,2664368.72546194,0.852570838690756,266.854672510207,0.392688347250823,0.272282345756827,"gain",NA,"#F8766D","darkred",-3,1
"gamble",0.0963265306122449,2.45167919799499,82597.0406170159,0.396707873891811,124.169564528137,0.577523612581341,0.610893370767163,NA,NA,"#BDBDBD","#BDBDBD",0,1
"game",0.103047895500726,1.55903027137603,77955.5941952347,0.730407702819271,228.617610982432,0.790763390731601,0.448103442799909,"game",NA,"#F8766D","darkred",-3,1
"gaze",0.117447686413204,1.57971027221998,489433.209710269,0.938532747685966,293.760750025707,1.03128737112336,0.444963077757854,"gaze",NA,"#F8766D","darkred",-3,1
"german",0.207661290322581,3.11687611611383,31403.7823568899,0.78536966867485,245.820706295228,2.25416009548569,0.698447499301087,NA,NA,"#BDBDBD","#BDBDBD",0,1
"gestures",0.125279642058166,2.05292863955962,950819.199163538,0.0325823070185496,10.198262096806,0.885527742252242,0.430464583441257,"gestures",NA,"#F8766D","darkred",-3,1
"goal",0.110556110556111,1.56336359688315,221801.506125642,0.76481947147145,239.388494570564,0.677188737546053,0.372392286763572,"goal",NA,"#F8766D","darkred",-3,1
"grasp",0.177477017364658,2.79137531414219,303585.224617335,4.15049424801075e-05,0.0129910469962736,2.31766632826068,0.721067210344621,NA,NA,"#BDBDBD","#BDBDBD",0,1
"hand",0.131875497465544,2.57024641080055,2296335.93990054,8.04737779932762e-18,2.51882925118954e-15,1.08268714557815,0.629480255923342,"hand","hand","#00A9FF","darkblue",2,1
"handedness",0.15,2.54969135802469,14632.4092446858,0.416839469158925,130.470753846744,1.68709034418755,0.641180737940975,NA,NA,"#BDBDBD","#BDBDBD",0,1
"happy",0.0985994397759104,1.87655751955955,271840.756595698,0.11985227762963,37.5137628980742,0.394618180811546,0.360030439816215,"happy",NA,"#F8766D","darkred",-3,1
"head",0.121212121212121,1.49537480063796,2025.1943304298,0.826830050876632,258.797805924386,2.6074568207674,0.725277531601339,NA,NA,"#BDBDBD","#BDBDBD",0,1
"hear",0.127667505358308,2.24314288572318,1031722.05689362,0.000106614642859525,0.0333703832150314,1.09413968468562,0.57178449209225,NA,NA,"#BDBDBD","#BDBDBD",0,1
"heart",0.0665807560137457,1.36687222090179,370904.164736372,0.152234372128031,47.6493584760737,0.268301049379254,0.279231753418662,"heart",NA,"#F8766D","darkred",-3,1
"illusion",0.26008064516129,2.04030612244898,20611.3963447211,0.124678879088379,39.0244891546626,3.08164238640305,0.555438185516063,NA,NA,"#BDBDBD","#BDBDBD",0,1
"image",0.47953216374269,7.96865629607541,9194.19765733801,0.883934927046085,276.671632165425,3.21941089796887,1.06795174026865,NA,NA,"#BDBDBD","#BDBDBD",0,1
"imagery",0.108540925266904,2.04362688587038,3647925.04638546,7.1931910328922e-09,2.25146879329526e-06,0.738137352796304,0.509871096235063,"imagery",NA,"#00A9FF","darkblue",2,1
"imagine",0.101244813278008,1.69140188395912,2679426.19338651,0.000365429018836514,0.114379282895829,0.670097956471102,0.434696393244007,"imagine",NA,"#F8766D","darkred",-3,1
"imitation",0.144876957494407,2.22366590903504,906629.439603004,0.0359283451922301,11.245572045168,1.08880242433138,0.481886966543358,"imitation",NA,"#F8766D","darkred",-3,1
"implicit",0.138095238095238,2.07696540880503,8853.53662922325,0.773077137495367,241.97314403605,0.715958392138414,0.399468207238206,"implicit",NA,"#F8766D","darkred",-3,1
"impulsivity",0.102766798418972,2.10363368043014,11632.3829802871,0.585266155503877,183.188306672714,0.741962773251593,0.583428818867299,NA,NA,"#BDBDBD","#BDBDBD",0,1
"incentive",0.0803891449052739,1.66885502917727,135285.941929337,0.415744343792271,130.127979606981,0.232125232076317,0.267052971372317,"incentive",NA,"#F8766D","darkred",-3,1
"incorrect",0.123076923076923,1.58249043773906,16124.7688521677,0.934305201463303,292.437528058014,0.530209144169827,0.310983693950591,"incorrect",NA,"#F8766D","darkred",-3,1
"induction",0.120397428404442,1.87577081218534,115158.730157886,0.907498112630322,284.046909253291,1.02872575472939,0.528796193371715,NA,NA,"#BDBDBD","#BDBDBD",0,1
"inference",0.128117135666895,2.20782389157824,386856.797072438,0.0017786890034685,0.556729658085639,0.791116755594597,0.475445977062741,"inference","inference","#F8766D","darkred",-3,1
"instruction",0.110521235521236,1.75307001366323,522524.668197237,0.180563049174806,56.5162343917143,0.7997642355582,0.409999291150482,"instruction",NA,"#F8766D","darkred",-3,1
"integration",0.101386138613861,1.46066116979591,383579.389168142,0.274358753767829,85.8742899293306,0.808698574879542,0.377028157334338,"integration",NA,"#F8766D","darkred",-3,1
"integrity",0.0935672514619883,2.30979157294947,7811.99219962796,0.168596380917173,52.770667227075,0.22170895081554,0.244750980733422,"integrity",NA,"#F8766D","darkred",-3,1
"intensity",0.151232262882748,2.80229432084292,498341.238724448,0.00589103255878063,1.84389319089834,0.949815225818246,0.5922493555463,NA,NA,"#BDBDBD","#BDBDBD",0,1
"intention",0.10718954248366,1.66855967330479,724155.854842995,0.892099247752561,279.227064546552,0.598765859971317,0.363354044887189,"intention",NA,"#F8766D","darkred",-3,1
"intentional",0.112605042016807,1.48093224789916,27390.650236743,0.724876398331639,226.886312677803,1.21149314662303,0.494030126680883,"intentional",NA,"#F8766D","darkred",-3,1
"interactive",0.0793650793650794,1.09450859054663,28596.2409394733,0.111930437308262,35.0342268774861,0.49281062919307,0.292834531147578,"interactive",NA,"#F8766D","darkred",-3,1
"interference",0.164315569487983,2.29787926664362,317421.96860955,0.769023799269207,240.704449171262,1.71550336813348,0.615325318998365,NA,NA,"#BDBDBD","#BDBDBD",0,1
"interoception",0.171650055370986,2.12241620021459,53789.7262910874,0.895192339802414,280.195202358156,1.3046007970181,0.555026829896552,NA,NA,"#BDBDBD","#BDBDBD",0,1
"interpersonal",0.101010101010101,1.72465394687617,89619.2304100687,0.0163658742783878,5.12251864913538,0.405530905585135,0.311656916123951,"interpersonal",NA,"#F8766D","darkred",-3,1
"item",0.110424556507873,2.0332949448641,1704370.60903123,0.190464980437106,59.6155388768143,0.646315110079364,0.48130020455626,"item",NA,"#F8766D","darkred",-3,1
"judgment",0.108736512356422,2.21839213901309,1556154.45122628,0.000241834636371005,0.0756942411841246,0.684027033569751,0.468574998993965,"judgment","judgment","#F8766D","darkred",-3,1
"knowledge",0.206153846153846,3.33253655435474,18166.5745359741,0.000365001622168113,0.114245507738619,2.59069686959257,0.835443501766139,NA,NA,"#BDBDBD","#BDBDBD",0,1
"language",0.0972166519611775,1.89100851085157,3768186.29374437,2.08224312772841e-08,6.51742098978993e-06,0.602785357067052,0.438594005718342,NA,NA,"#BDBDBD","#BDBDBD",0,1
"learn",0.0898692810457516,1.26599680826193,795846.871193145,0.058221881420038,18.2234488844719,0.361745933131968,0.249276559565276,"learn",NA,"#F8766D","darkred",-3,1
"letter",0.133217446270544,2.1234107889395,589088.237656991,0.0111686179599987,3.49577742147959,1.12797972874423,0.531063087305614,NA,NA,"#BDBDBD","#BDBDBD",0,1
"lexical",0.108906322104292,2.16593572377731,2108882.12126977,9.78928763547785e-06,0.00306404702990457,0.794860894321057,0.511884506672903,NA,NA,"#BDBDBD","#BDBDBD",0,1
"light",0.166666666666667,2.13321799307958,3928.32731294274,0.459436130261736,143.803508771923,1.82525006758583,0.620732312839722,NA,NA,"#BDBDBD","#BDBDBD",0,1
"limb",0.193528543307087,4.36543051910178,725435.992306752,1.65407415938583e-08,5.17725211887764e-06,2.06068408550025,0.876238673581035,"limb",NA,"#00A9FF","darkblue",2,1
"linguistic",0.11859732072498,2.30612073531502,1818601.70687328,3.0781039111664e-05,0.00963446524195082,0.955202150281601,0.590672389021339,NA,NA,"#BDBDBD","#BDBDBD",0,1
"listen",0.167318557149066,2.78021484929641,623385.707015503,0.0817137776117785,25.5764123924867,1.69953429277199,0.69788890343656,NA,NA,"#BDBDBD","#BDBDBD",0,1
"location",0.183193277310924,2.90607091617135,281342.649081254,0.424978654902921,133.018318984614,2.40608856088561,0.79032762205976,NA,NA,"#BDBDBD","#BDBDBD",0,1
"loss",0.0884790163058006,1.59190653294935,309399.237876682,0.174342040176931,54.5690585753795,0.493152271570123,0.372988401172661,"loss",NA,"#F8766D","darkred",-3,1
"maintenance",0.122959483264827,1.65736864619705,750220.511829281,0.00850628086870459,2.66246591190454,1.10436822103751,0.504808126603303,NA,NA,"#BDBDBD","#BDBDBD",0,1
"manipulation",0.249411764705882,4.82410472498455,105573.090632567,0.498768809657497,156.114637422797,3.32485332605216,0.918354450131052,NA,NA,"#BDBDBD","#BDBDBD",0,1
"match",0.110246085011186,1.68827400673973,1013409.4152264,0.133461006452089,41.7732950195039,0.789690379689092,0.475303743052091,"match",NA,"#F8766D","darkred",-3,1
"memory",0.0731479046455146,1.36383214640919,7146875.58406074,4.33298520129415e-09,1.35622436800507e-06,0.182702622162214,0.182439806345347,NA,NA,"#BDBDBD","#BDBDBD",0,1
"mentalize",0.0876838934222456,1.90464036840983,3070552.77951876,9.62704518154357e-08,3.01326514182314e-05,0.429671678155833,0.385538223142956,NA,NA,"#BDBDBD","#BDBDBD",0,1
"mind",0.0820484480058948,1.59150520928486,4520223.83290176,5.3815714463314e-09,1.68443186270173e-06,0.332636876323404,0.304466151482776,NA,NA,"#BDBDBD","#BDBDBD",0,1
"mirror",0.155844155844156,2.59845752491197,956697.26342656,1.0062751662382e-06,0.000314964127032557,1.4383864888819,0.597440518941002,"mirror",NA,"#00A9FF","darkblue",2,1
"mnemonic",0.132323232323232,1.75693957570564,63348.9395569352,0.209658315881198,65.623052870815,1.19855280784613,0.562524311826157,NA,NA,"#BDBDBD","#BDBDBD",0,1
"modulatory",0.099290780141844,1.45693340019581,63913.1781893139,0.602174060236201,188.480480853931,0.755523387330384,0.435520694962145,"modulatory",NA,"#F8766D","darkred",-3,1
"monetary",0.0971223021582734,2.03596771363397,955696.980029675,0.0375202799986616,11.7438476395811,0.310159990139118,0.310291014778819,"monetary",NA,"#F8766D","darkred",-3,1
"mood",0.0946258804984976,1.64980076169439,2143342.22018194,0.518738835294746,162.365255447255,0.504509199934399,0.40609365503248,"mood",NA,"#F8766D","darkred",-3,1
"moral",0.132235186456189,2.25641147345781,339851.580234065,0.335679731133276,105.067755844716,0.747349917877649,0.458457247968794,"moral",NA,"#F8766D","darkred",-3,1
"motion",0.150193548387097,1.95784891532899,570440.516947922,0.0241134983546765,7.54752498501374,1.46866685725826,0.554228144523494,NA,NA,"#BDBDBD","#BDBDBD",0,1
"motivation",0.0686641697877653,1.53180033813319,350330.054368309,0.638911860421784,199.979412312018,0.276531598929229,0.317400775363481,"motivation",NA,"#F8766D","darkred",-3,1
"motor",0.11215845364515,2.3640540237605,3761311.042258,2.01729985255958e-18,6.31414853851147e-16,0.774651557282583,0.543197209349297,"motor",NA,"#00A9FF","darkblue",2,1
"movement",0.126061120543294,2.56072470956296,2859898.93271556,1.08702926107049e-09,3.40240158715062e-07,0.968808634121759,0.609595627419048,"movement",NA,"#00A9FF","darkblue",2,1
"sclerosis",0.227920227920228,2.37282489590182,16033.9956417768,0.694811431764628,217.475978142329,3.84902137362607,0.815382434342763,NA,NA,"#BDBDBD","#BDBDBD",0,1
"multisensory",0.160467205750225,2.11858939802336,433575.36085217,0.00363765798527316,1.1385869493905,1.59757098999073,0.574266361207604,NA,NA,"#BDBDBD","#BDBDBD",0,1
"muscle",0.20999115826702,5.46230419971647,651004.293404857,2.16362414450815e-08,6.77214357231052e-06,2.09095857487807,0.999214384090841,"muscle",NA,"#00A9FF","darkblue",2,1
"music",0.125916114790287,2.28531121180435,978112.061200245,3.25897330449066e-08,1.02005864430558e-05,1.13120120973658,0.623931671676481,"music",NA,"#00A9FF","darkblue",2,1
"name",0.150597733271231,3.06210325470768,661833.83482401,4.60606675151923e-07,0.000144169889322552,1.34353909488801,0.657235067443098,"name",NA,"#00A9FF","darkblue",2,1
"navigation",0.123494892414692,2.22020821281989,2204197.93009845,1.5180259912201e-10,4.75142135251891e-08,0.62422388905727,0.436527850467316,NA,NA,"#BDBDBD","#BDBDBD",0,1
"negative",0.0996063399979281,1.81012954644266,1819434.53230501,0.00117013154820943,0.366251174589553,0.339584136040684,0.306188756545447,"negative",NA,"#F8766D","darkred",-3,1
"neutral",0.0750374726161651,1.50338037359873,4475825.62037237,0.0754019105378053,23.600797998333,0.168807934702357,0.200064951518171,"neutral",NA,"#F8766D","darkred",-3,1
"nociceptive",0.14327485380117,3.07965092390907,1480219.56920269,3.24098142236117e-06,0.00101442718519905,1.06142259051602,0.7614685045303,NA,NA,"#BDBDBD","#BDBDBD",0,1
"noise",0.384615384615385,8.84991230268103,18004.9236277097,0.403726589259558,126.366422438242,9.41309608850945,1.44187780286694,NA,NA,"#BDBDBD","#BDBDBD",0,1
"nouns",0.128009395184968,2.92870176600415,900121.810142041,0.132404727911291,41.4426798362341,0.972144862842484,0.661460994372722,NA,NA,"#BDBDBD","#BDBDBD",0,1
"novelty",0.0888888888888889,1.06956679354722,86537.4601170785,0.221659488097788,69.3794197746076,0.458626622333238,0.26900462954448,"novelty",NA,"#F8766D","darkred",-3,1
"noxious",0.0936535309020459,2.21714861297396,4687484.794786,7.40101079366138e-21,2.31651637841601e-18,0.571995497208485,0.587009882845022,"noxious",NA,"#00A9FF","darkblue",2,1
"object",0.129386691925172,2.68658001685236,2116278.46100637,2.92781077164359e-12,9.16404771524442e-10,0.950908762305178,0.608626807445112,"object",NA,"#00A9FF","darkblue",2,1
"obsessive",0.225,3.90454545454545,4985.04518655476,0.412040453245747,128.968661865919,1.74963135428793,0.814162796797081,NA,NA,"#BDBDBD","#BDBDBD",0,1
"olfactory",0.0779885576633544,2.78036015051201,279055.88277325,0.0469496856997451,14.6952516240202,0.28212178499171,0.468275083581307,"olfactory",NA,"#F8766D","darkred",-3,1
"oral",0.18552036199095,2.96532783923748,93274.0526555707,0.610800540557344,191.180569194449,2.19960375284403,0.770194824347409,NA,NA,"#BDBDBD","#BDBDBD",0,1
"orientation",0.133709981167608,1.71895430773299,498640.710719866,8.49395213432335e-05,0.0265860701804321,1.06854029932969,0.446544798848615,"orientation",NA,"#F8766D","darkred",-3,1
"orthographic",0.113279888462879,1.95468722673412,1134482.86701457,0.00248779250478191,0.778679053996738,0.880532196691739,0.527178705889687,NA,NA,"#BDBDBD","#BDBDBD",0,1
"parkinson",0.23340321453529,4.24907015649154,99024.721468011,0.00407490915566531,1.27544656572324,3.46803380521174,0.922798734871383,NA,NA,"#BDBDBD","#BDBDBD",0,1
"passive",0.0963166323495768,1.54430910184742,320786.107930334,0.0764774419802,23.9374393398026,0.790557347398007,0.425294593171585,"passive",NA,"#F8766D","darkred",-3,1
"perception",0.137433079740772,2.51380005228013,1278324.39245186,1.77794680486929e-06,0.000556497349924088,1.16026077555317,0.567810081418665,"perception",NA,"#00A9FF","darkblue",2,1
"performance",0.156339644291452,2.28309625417394,273914.314356692,0.0034021046631953,1.06485875958013,1.90922568024722,0.655558214708197,NA,NA,"#BDBDBD","#BDBDBD",0,1
"person",0.0974569818790924,1.78138805392722,1658286.25098479,0.18246210572686,57.110639092507,0.45646063153376,0.335512805700776,"person",NA,"#F8766D","darkred",-3,1
"personal",0.0866155454862321,1.59420760090863,1171421.09359531,0.983283296321967,307.767671748776,0.445763184083305,0.394905893666539,"personal",NA,"#F8766D","darkred",-3,1
"personality",0.0916988416988417,1.71862351609882,548788.076692777,0.757621448677735,237.135513436131,0.354316357640125,0.379985144319489,"personality",NA,"#F8766D","darkred",-3,1
"phonological",0.120552256230648,2.56770438383295,2176111.32403812,1.3380403934683e-10,4.18806643155577e-08,1.01068777702849,0.622926290794096,"phonological",NA,"#00A9FF","darkblue",2,1
"photographs",0.191583610188261,3.21916401936772,58265.5555037905,0.327239513791455,102.425967816725,1.19284785823488,0.6279581990506,NA,NA,"#BDBDBD","#BDBDBD",0,1
"picture",0.0821689379564142,1.49870093585533,1857220.34581493,0.48767842334505,152.643346507001,0.30587052109144,0.303242521698969,"picture",NA,"#F8766D","darkred",-3,1
"pitch",0.218335035750766,4.04631604350705,338068.934429357,0.00445620207465906,1.39479124936828,2.54486510268228,0.848395870542765,NA,NA,"#BDBDBD","#BDBDBD",0,1
"place",0.229902713773682,3.67199065776296,153734.04052481,0.889054654906438,278.274106985715,1.31144896481689,0.708105721173565,NA,NA,"#BDBDBD","#BDBDBD",0,1
"placebo",0.11,2.59155963302752,16001.8848084835,0.070218966640691,21.9785365585363,0.592141744548287,0.530075897469023,NA,NA,"#BDBDBD","#BDBDBD",0,1
"plan",0.149048800661704,3.07226500999637,1259119.54775205,2.68411829509918e-13,8.40129026366044e-11,1.31061318252946,0.694327593204293,"plan",NA,"#00A9FF","darkblue",2,1
"pleasant",0.112694512694513,2.65211535696117,585946.373556152,0.0200800627841133,6.28505965142747,0.528473994177965,0.526880836813515,NA,NA,"#BDBDBD","#BDBDBD",0,1
"prediction",0.0769230769230769,1.2479088076103,79688.5153270908,0.414730005717743,129.810491789654,0.691965731348929,0.390117937439769,"prediction",NA,"#F8766D","darkred",-3,1
"preference",0.241463414634146,6.28915527485769,59443.8745822148,3.63296793481942e-09,1.13711896359848e-06,1.05604021064084,0.83314272374674,"preference",NA,"#00A9FF","darkblue",2,1
"preparation",0.120086083213773,1.94240689913293,1801681.42839598,6.59607307597929e-06,0.00206457087278152,0.962515069311602,0.518123649080043,NA,NA,"#BDBDBD","#BDBDBD",0,1
"pressure",0.233846153846154,4.20128882438316,18442.9675342585,0.639296322151336,200.099748833368,3.91535811804243,1.0284129149404,NA,NA,"#BDBDBD","#BDBDBD",0,1
"prime",0.17948717948718,3.07378335949765,3344.17569645371,0.91660103117856,286.896122758889,1.91540294911081,0.781582301995956,NA,NA,"#BDBDBD","#BDBDBD",0,1
"probabilistic",0.106060606060606,2.38169257340242,2291.90833467341,0.355357942732476,111.227036075265,3.35440701430549,1.05096884958277,NA,NA,"#BDBDBD","#BDBDBD",0,1
"production",0.151592087168095,2.90416335993088,962541.303987662,0.00063082145835688,0.197447116465703,1.59503424609545,0.759571200663308,NA,NA,"#BDBDBD","#BDBDBD",0,1
"prospective",0.136842105263158,2.77617728531856,7176.89473871252,0.463002194700269,144.919686941184,0.775739688474829,0.556741161490521,NA,NA,"#BDBDBD","#BDBDBD",0,1
"ptsd",0.122437411431271,2.28268804894339,1125218.6035913,7.95776431729642e-07,0.000249078023131378,0.644262226343932,0.497320575705023,NA,NA,"#BDBDBD","#BDBDBD",0,1
"punishment",0.102884615384615,2.54302464729594,159187.897662769,0.757468961002538,237.087784793794,0.623093846935274,0.629904961546004,NA,NA,"#BDBDBD","#BDBDBD",0,1
"rate",0.0909090909090909,3.16363636363636,2760.85870820558,0.243790505619566,76.3064282589242,0.241030999651689,0.472157835188112,"rate",NA,"#F8766D","darkred",-3,1
"reach",0.143717728055077,1.88425076994245,254950.912871004,0.0491174018985288,15.3737467942395,1.8561874018867,0.652379147761708,NA,NA,"#BDBDBD","#BDBDBD",0,1
"reaction",0.0773613193403298,1.29390452188116,578193.030215064,0.652730189742386,204.304549389367,0.290643928144294,0.241278965914683,"reaction",NA,"#F8766D","darkred",-3,1
"read",0.107748944958247,2.07025071855614,3316887.80941506,1.16227688473589e-11,3.63792664922333e-09,0.700095296539424,0.470114406335358,NA,NA,"#BDBDBD","#BDBDBD",0,1
"real",0.0962688105545248,1.34655861862103,356358.367973421,0.0841922150288553,26.3521633040317,0.422362372678994,0.27089391752448,"real",NA,"#F8766D","darkred",-3,1
"reappraisal",0.100309946463793,1.75175418702623,1425509.6390121,0.00344032139900435,1.07682059788836,0.593033048511886,0.405624513857071,"reappraisal",NA,"#F8766D","darkred",-3,1
"reason",0.122020202020202,1.9352930746312,444892.132124931,0.861922870509099,269.781858469348,0.766894509826561,0.41949867793897,"reason",NA,"#F8766D","darkred",-3,1
"recall",0.109594837617688,1.91312441230845,962493.598878595,0.112280336818057,35.1437454240517,0.628049246994756,0.47687017929256,"recall",NA,"#F8766D","darkred",-3,1
"recognition",0.0890156622756975,1.67859596368705,4790937.81929428,6.9447374228659e-07,0.000217370281335703,0.365796658782421,0.321037955437999,NA,NA,"#BDBDBD","#BDBDBD",0,1
"recollection",0.0858786610878661,1.60901873442715,3093574.13856495,0.0156565558817942,4.90050199100157,0.316507590732271,0.304586677623179,"recollection",NA,"#F8766D","darkred",-3,1
"reference",0.112555899552804,2.35639236999999,1446085.20346999,0.000301560864713974,0.0943885506554739,0.53475461471002,0.431591774129132,"reference",NA,"#F8766D","darkred",-3,1
"referential",0.130278696268304,2.75597288360633,1077417.13446681,6.66702792636488e-06,0.00208677974095221,0.728525107631724,0.558040452761675,NA,NA,"#BDBDBD","#BDBDBD",0,1
"regulation",0.0787878787878788,1.5125356912591,1402106.19438231,0.637474330259776,199.52946537131,0.284909167153963,0.301345449228519,"regulation",NA,"#F8766D","darkred",-3,1
"rehabilitation",0.199925953350611,3.46945737386606,204493.126086643,0.405231490041713,126.837456383056,2.20625176196182,0.778425644389235,NA,NA,"#BDBDBD","#BDBDBD",0,1
"rehearsal",0.163134746101559,2.84652549476929,731499.378618886,1.37921878166923e-05,0.00431695478662469,1.59880162233098,0.654514771136635,NA,NA,"#BDBDBD","#BDBDBD",0,1
"reinforcement",0.0861244019138756,1.85500848896435,235962.413468893,0.254160078197884,79.5521044759376,0.232667185411484,0.288975481312322,"reinforcement",NA,"#F8766D","darkred",-3,1
"relational",0.124621899576528,2.05492746946984,124750.234901805,0.508394704157184,159.127542401199,1.1137867419367,0.5626744947939,NA,NA,"#BDBDBD","#BDBDBD",0,1
"remember",0.0839951541257235,1.42047893490107,5017990.83393789,0.111213080660003,34.8096942465808,0.269235394528947,0.241042126031003,"remember",NA,"#F8766D","darkred",-3,1
"reorganization",0.20703933747412,3.84233892569392,195153.418976297,2.35431373200936e-05,0.00736900198118928,2.71869138791809,0.878709889628417,NA,NA,"#BDBDBD","#BDBDBD",0,1
"repetition",0.152847152847153,2.55768950150973,247275.765304915,0.989863912347889,309.827404564889,1.22840174281836,0.564779825896546,NA,NA,"#BDBDBD","#BDBDBD",0,1
"response",0.115374947633012,1.46171339630379,1019284.84936543,0.000331093828765906,0.103632368403729,0.655810024028259,0.348590544116661,"response",NA,"#F8766D","darkred",-3,1
"rest",0.107000285143998,2.13257443014353,1324946.19801381,0.000701485329589387,0.219564908161478,0.499662193789103,0.418051069118081,"rest",NA,"#F8766D","darkred",-3,1
"retention",0.0779220779220779,1.00013718675691,203295.325968275,0.74517831081187,233.240811284115,0.157090324541095,0.114192504424555,"retention",NA,"#F8766D","darkred",-3,1
"retrieval",0.0808771929824561,1.58047206304875,6942826.35458748,1.46058832198827e-06,0.000457164144782328,0.314208898809597,0.303297042551429,NA,NA,"#BDBDBD","#BDBDBD",0,1
"reward",0.0876511226252159,1.90010447356836,1963758.19483296,0.220257412858494,68.9405702247086,0.308746893135063,0.354509545319555,"reward",NA,"#F8766D","darkred",-3,1
"rhythm",0.179271708683473,3.45971303175054,291207.686972734,0.00638339976117786,1.99800412524867,2.23964468343973,0.791949896023303,NA,NA,"#BDBDBD","#BDBDBD",0,1
"risk",0.102786934372191,1.80747102844405,878500.266664028,0.00131667998890968,0.412120836528731,0.592566672612051,0.454912691601675,"risk",NA,"#F8766D","darkred",-3,1
"rotation",0.129904761904762,1.94697913322632,638345.881283288,0.118925636361861,37.2237241812626,1.35088738953634,0.600349570864543,NA,NA,"#BDBDBD","#BDBDBD",0,1
"saccade",0.138256762559038,1.98585279277308,781553.809190415,0.00142728749180274,0.446740984934257,1.28517375999875,0.552621821016511,NA,NA,"#BDBDBD","#BDBDBD",0,1
"sad",0.0841269841269841,1.58070999970441,31679.6293851584,0.502871837245672,157.398885057895,0.488876303742508,0.431611260551952,"sad",NA,"#F8766D","darkred",-3,1
"schizophrenia",0.121212121212121,1.49170537491705,1978.7851427988,0.50843986941716,159.141679127571,1.38908659549229,0.515050341247532,NA,NA,"#BDBDBD","#BDBDBD",0,1
"selection",0.188311688311688,3.13194996885034,233359.27924341,0.313763070346909,98.2078410185824,1.22623836796949,0.58543813630103,NA,NA,"#BDBDBD","#BDBDBD",0,1
"report",0.137931034482759,3.31437789876991,19723.8545614893,0.306648024312207,95.9808316097208,1.4060976326147,0.869547505684604,NA,NA,"#BDBDBD","#BDBDBD",0,1
"semantic",0.0802256392129139,1.81781338692349,6612711.75222454,8.03037438756036e-12,2.51350718330639e-09,0.393864880981542,0.405345231364781,NA,NA,"#BDBDBD","#BDBDBD",0,1
"sensation",0.110517038777908,2.38246761425747,1752667.04896803,0.00102908410950806,0.322103326276022,0.844380704995624,0.64755058106171,NA,NA,"#BDBDBD","#BDBDBD",0,1
"sensorimotor",0.160667617011167,4.21877294011599,1728352.76438985,1.67514378030817e-22,5.24320003236458e-20,1.49570086563689,0.933571977049944,"sensorimotor","sensorimotor","#00A9FF","darkblue",2,1
"sensory",0.166603174603175,3.52724576874285,715096.800574754,1.27413533536988e-12,3.98804359970774e-10,1.73972318021522,0.798533978710908,"sensory",NA,"#00A9FF","darkblue",2,1
"sentence",0.126038961038961,2.79860419572039,1687267.35987487,3.33328598119531e-13,1.04331851211413e-10,1.11475966604473,0.686309600477603,"sentence",NA,"#00A9FF","darkblue",2,1
"separation",0.104575163398693,2.6975546975547,6599.39068455653,0.0250220755169143,7.83190963679418,1.28628448835005,0.736609774503196,NA,NA,"#BDBDBD","#BDBDBD",0,1
"sequence",0.171797947487672,3.41583754924507,696554.0036958,4.07900119410418e-05,0.0127672737375461,1.89715554737349,0.810145707609104,NA,NA,"#BDBDBD","#BDBDBD",0,1
"serial",0.152906330988523,2.59203723747644,207780.040830856,0.620560902581921,194.235562508141,1.5028682047845,0.548297614536186,NA,NA,"#BDBDBD","#BDBDBD",0,1
"sex",0.0807453416149068,1.64953225119803,180795.848057962,0.361854128350769,113.260342173791,0.153391907796962,0.192173493283769,"sex",NA,"#F8766D","darkred",-3,1
"shapes",0.167567567567568,2.07712369904151,178464.71701596,0.625771525503259,195.86648748252,1.69971152144286,0.599366794569165,NA,NA,"#BDBDBD","#BDBDBD",0,1
"shift",0.119931467732724,1.63816974242039,439422.419616419,0.225019780585833,70.4311913233656,1.03451713174116,0.469322835512182,"shift",NA,"#F8766D","darkred",-3,1
"sight",0.165363361484725,3.09672094230224,808976.39288179,5.03628453525168e-11,1.57635705953378e-08,1.38538510954102,0.681031649175296,"sight",NA,"#00A9FF","darkblue",2,1
"signal",0.139544182327069,1.81152651299031,589936.128130126,0.73026029396263,228.571472010303,0.932551369080555,0.443535678094323,"signal",NA,"#F8766D","darkred",-3,1
"similarity",0.216666666666667,4.5679012345679,6007.04466361993,0.723014344886527,226.303489949483,3.13076576576577,1.05489359613746,NA,NA,"#BDBDBD","#BDBDBD",0,1
"simulation",0.0909090909090909,1.7829540490091,1156249.81201233,0.875952420133362,274.173107501742,0.820695144188523,0.523709200742463,NA,NA,"#BDBDBD","#BDBDBD",0,1
"skin",0.0769935193012116,1.61009038174413,1393556.51908993,0.00557130414425692,1.74381819715242,0.25830774352335,0.278819804003143,"skin",NA,"#F8766D","darkred",-3,1
"sleep",0.136363636363636,2.76839826839827,2205.46966629549,0.0122506668639721,3.83445872842328,0.616627573625228,0.416379126470786,"sleep",NA,"#F8766D","darkred",-3,1
"social",0.0797872340425532,1.77565707133917,4326030.16560082,1.90964048131928e-07,5.97717470652934e-05,0.334947220970896,0.349851583099268,NA,NA,"#BDBDBD","#BDBDBD",0,1
"solve",0.0849150849150849,1.47139377476456,236728.286890043,0.0428707617911053,13.418548440616,0.580166981814768,0.350981097888403,"solve",NA,"#F8766D","darkred",-3,1
"sound",0.235431235431235,5.4281476414671,250409.095793358,0.000371586012518222,0.116306421918204,3.14773719007144,1.02944651542734,NA,NA,"#BDBDBD","#BDBDBD",0,1
"spatial",0.137467616580311,2.1906749050441,1616872.27172139,3.48074607533036e-05,0.010894735215784,1.11240523874557,0.595545572528717,NA,NA,"#BDBDBD","#BDBDBD",0,1
"spatiotemporal",0.106832298136646,1.23881501929811,135270.084592545,0.364109863226057,113.966387189756,0.819480125384516,0.29576092211366,"spatiotemporal",NA,"#F8766D","darkred",-3,1
"speaker",0.0994478349317059,1.72257171012451,1614136.79790379,0.0673087449004901,21.0676371538534,0.608413007326829,0.396165263732559,"speaker",NA,"#F8766D","darkred",-3,1
"speak",0.173770491803279,3.34335070420395,142001.773223841,0.0858144012808851,26.859907600917,2.31968634511513,0.850151372490582,NA,NA,"#BDBDBD","#BDBDBD",0,1
"spectrum",0.0825139439940199,1.2378599529366,1500293.42707878,0.687360036997922,215.14369158035,0.239454434879459,0.194257008314087,"spectrum",NA,"#F8766D","darkred",-3,1
"spoken",0.174570575056012,3.56945112982571,518889.060047585,1.25146129961429e-11,3.91707386779273e-09,1.97555591891018,0.84081813796907,"spoken",NA,"#00A9FF","darkblue",2,1
"storage",0.118579234972678,1.77877701655656,130900.158514217,0.553754388217911,173.325123512206,1.36594223760175,0.54925608222407,NA,NA,"#BDBDBD","#BDBDBD",0,1
"strategy",0.109959274342836,1.57680121791398,214132.632683287,0.445878785954148,139.560060003648,0.611653556570205,0.346747732749157,"strategy",NA,"#F8766D","darkred",-3,1
"stroop",0.205980066445183,2.61154498599015,61976.0212665186,0.755131920947015,236.356291256416,2.2558780020165,0.689126228820856,NA,NA,"#BDBDBD","#BDBDBD",0,1
"subtraction",0.169642857142857,2.44302812917824,149981.944390247,0.230070168114037,72.0119626196937,2.35891387125265,0.731864416465913,NA,NA,"#BDBDBD","#BDBDBD",0,1
"success",0.112616681722373,1.74939045898396,285944.618057245,0.426844543911359,133.602342244255,0.681358564729159,0.407747863583054,"success",NA,"#F8766D","darkred",-3,1
"suffer",0.098989898989899,1.76461405498839,105678.387628498,0.785019981248212,245.71125413069,0.54654974321991,0.412301213889678,"suffer",NA,"#F8766D","darkred",-3,1
"suppression",0.094279176201373,1.20508461325541,498770.708416913,0.47245485154746,147.878368534355,0.439006262503669,0.232541665301132,"suppression",NA,"#F8766D","darkred",-3,1
"sustained",0.108108108108108,1.28456600312888,38262.8863973426,0.404333331280715,126.556332690864,1.05039702897926,0.453142629686203,"sustained",NA,"#F8766D","darkred",-3,1
"symbolic",0.179421768707483,2.53959959930942,77120.0504167518,0.0106010201743848,3.31811931458246,3.4361763605556,0.884659487398376,NA,NA,"#BDBDBD","#BDBDBD",0,1
"syntactic",0.189679885332059,3.76017613578715,388812.96633457,0.00449444010695532,1.40675975347702,2.30790148832791,0.878411802875386,NA,NA,"#BDBDBD","#BDBDBD",0,1
"tactile",0.185443668993021,4.17910554052129,605407.010522727,2.90415868316074e-08,9.0900166782931e-06,2.07808988199038,0.85080882613572,"tactile",NA,"#00A9FF","darkblue",2,1
"tap",0.17629179331307,3.6881998447348,979407.365231991,5.25435511236025e-05,0.0164461315016876,1.78433278054678,0.821100365897484,NA,NA,"#BDBDBD","#BDBDBD",0,1
"target",0.116956162117452,1.86652999499462,1068622.17905133,0.000479514055425035,0.150087899348036,0.863062395753778,0.436888710628606,"target",NA,"#F8766D","darkred",-3,1
"task",0.0838271426506721,1.32258629516855,6012866.12395647,0.000587786109287027,0.18397705220684,0.376038124430687,0.310484822559575,"task",NA,"#F8766D","darkred",-3,1
"taste",0.0949012673150604,2.1196746586274,657223.523486394,0.562196092876563,175.967377070364,0.501221438102101,0.50367332860738,NA,NA,"#BDBDBD","#BDBDBD",0,1
"think",0.0981104651162791,1.88610292628274,731010.595560504,0.412550903752943,129.128432874671,0.592408008159126,0.461855874951655,"think",NA,"#F8766D","darkred",-3,1
"thought",0.103006189213086,1.72972165329215,587909.732557795,0.131104313408812,41.0356500969582,0.529611727553055,0.3612418075386,"thought",NA,"#F8766D","darkred",-3,1
"time",0.158163265306122,2.07017414403778,68605.2794101707,0.143218256526302,44.8273142927324,1.69164881422182,0.546076453323668,NA,NA,"#BDBDBD","#BDBDBD",0,1
"tone",0.158592132505176,2.42712350137224,158662.05576634,0.976807961547634,305.74089196441,2.45728986866367,0.823765713470838,NA,NA,"#BDBDBD","#BDBDBD",0,1
"touch",0.173810921902525,3.75934581115603,787618.882802724,3.21984506082673e-09,1.00781150403877e-06,1.87381882909054,0.8277673800583,"touch",NA,"#00A9FF","darkblue",2,1
"track",0.0935077519379845,1.33293105063807,657261.169336516,0.16116040998577,50.443208325546,0.570412051454746,0.317846555104548,"track",NA,"#F8766D","darkred",-3,1
"trait",0.134879725085911,3.21356804720879,411498.006270183,0.000346224604583906,0.108368301234763,0.648491364160797,0.629971646340655,NA,NA,"#BDBDBD","#BDBDBD",0,1
"unpleasant",0.12609649122807,2.34072095165174,389990.773108727,0.480798952318305,150.49007207563,0.831727676831441,0.61174527105759,NA,NA,"#BDBDBD","#BDBDBD",0,1
"update",0.103448275862069,1.2482523644481,18149.6288528666,0.752572068465838,235.555057429807,0.834621020705234,0.3468754419666,"update",NA,"#F8766D","darkred",-3,1
"valence",0.100126972610194,2.25246461351346,1120399.1845361,0.29643473841999,92.784073125457,0.362869734987998,0.432240804866329,"valence",NA,"#F8766D","darkred",-3,1
"value",0.162732919254658,4.66664703362604,212719.485982123,0.0220316429807222,6.89590425296606,0.660516698984471,0.705075608798084,NA,NA,"#BDBDBD","#BDBDBD",0,1
"verb",0.126168831168831,3.09209218811492,1670458.39356571,2.62513865812207e-13,8.21668399992208e-11,1.14098014813625,0.693475632864637,"verb",NA,"#00A9FF","darkblue",2,1
"verbal",0.148739495798319,3.00376870969995,761959.080386185,0.000713290393065066,0.223259893029366,1.26431020215685,0.63983976157998,NA,NA,"#BDBDBD","#BDBDBD",0,1
"video",0.0891149622444352,1.50690610227899,3892494.968473,0.00464400661020806,1.45357406899512,0.429694016443627,0.312120678736882,"video",NA,"#F8766D","darkred",-3,1
"view",0.142742902838864,2.85844313959809,639413.272868209,0.0400803125502483,12.5451378282277,0.864672275301818,0.57185059401711,NA,NA,"#BDBDBD","#BDBDBD",0,1
"violations",0.175438596491228,1.8930834940755,5852.60549072865,0.161070213408462,50.4149767968487,2.04153578998442,0.571656731364646,NA,NA,"#BDBDBD","#BDBDBD",0,1
"virtual",0.132746555082606,1.86771784328668,1210599.46910157,0.00854534197375835,2.67469203778636,0.765470105818904,0.421679160601386,"virtual",NA,"#F8766D","darkred",-3,1
"visual",0.0937299921085154,2.23206721145457,5469226.70752783,9.72315681604102e-27,3.04334808342084e-24,0.570586345990188,0.492401029098078,NA,NA,"#BDBDBD","#BDBDBD",0,1
"visuospatial",0.10655514755882,1.73168176067167,1268185.08973852,0.293748643718977,91.9433254840398,0.949553694645279,0.508203067646163,NA,NA,"#BDBDBD","#BDBDBD",0,1
"visuomotor",0.167191188040913,2.5218274732074,664967.704384772,0.0589517350120555,18.4518930587734,1.89778217534841,0.719723723195808,NA,NA,"#BDBDBD","#BDBDBD",0,1
"voice",0.152960303481913,2.42915339399057,630395.17466333,0.0680682487719421,21.3053618656179,1.59116184073903,0.684371912520741,NA,NA,"#BDBDBD","#BDBDBD",0,1
"watch",0.10188679245283,1.39907815764168,394339.265706719,0.279097098198191,87.3573917360336,0.645761578183981,0.321915280110514,"watch",NA,"#F8766D","darkred",-3,1
"word",0.0942830009496676,1.85392501520367,5052567.3484303,0.00418874370956026,1.31107678109236,0.534993078942833,0.426915644480539,"word",NA,"#F8766D","darkred",-3,1
"work",0.143049528654796,2.35069408746756,1322289.80095637,0.0153878420331517,4.81639455637649,1.39944570257,0.666168475817712,NA,NA,"#BDBDBD","#BDBDBD",0,1
"write",0.154857065438288,3.55917520643971,791539.346743427,0.0263505955849355,8.2477364180848,1.26530037742538,0.745640245817872,NA,NA,"#BDBDBD","#BDBDBD",0,1
